customer_id,address_line1,address_line2,address_type,bill_pay_enrolled,city,country_code,created_by,created_datetime,custaccounts,customer_nbr,customer_origin_system,customer_status,customer_type,date_of_birth,email_address,first_name,full_name,gender,government_id,government_id_type,last_name,last_updated,last_updated_by,middle_name,phone_numbers,prefix,query_helper_column,solr_query,state_abbreviation,zipcode,zipcode4
1091166,Line1-1091166,,Residence,true,Bloomington,00,Java Test,2017-09-21 19:01:39.973+0000,"{'27c67fe5-ccd1-4209-b6fe-e3c72374666b', 'a557be68-9862-4525-8a7f-ce2d0a085f63', 'b21eab25-aa01-4ade-91ff-f6bfb020c9c9'}",1091166,RCIF,A,Retail,08/12/1943,"[{email_type: 'work', email_address: '1091166@gmail.com', email_status: 'valid'}, {email_type: 'Home', email_address: '1091166@gmail.com', email_status: 'DND'}]",Miles,Miles John 91166,M,091166,TIN,91166,2017-09-21 19:01:39.973+0000,Java Test,John,"[{phone_type: 'work', phone_number: '1091166w'}, {phone_type: 'home', phone_number: '1091166h'}, {phone_type: 'cell', phone_number: '1091166c'}]",Mr,,,IL,61704,61704-1234
1025687,Line1-1025687,,Residence,true,Bloomington,00,Java Test,2017-09-21 19:01:39.973+0000,"{'82c07563-45d2-4a54-8587-6a06c6f07c91', 'dc933d13-d025-43d4-b3af-5a423bb3cca7', 'f5ebd6c1-f2d6-497e-9bdf-03334c404274'}",1025687,RCIF,A,Retail,11/29/1964,"[{email_type: 'work', email_address: '1025687@gmail.com', email_status: 'valid'}, {email_type: 'Home', email_address: '1025687@gmail.com', email_status: 'DND'}]",Luis,Luis Javier 25687,M,025687,TIN,25687,2017-09-21 19:01:39.973+0000,Java Test,Javier,"[{phone_type: 'work', phone_number: '1025687w'}, {phone_type: 'home', phone_number: '1025687h'}, {phone_type: 'cell', phone_number: '1025687c'}]",Mr,,,MN,55435,55435-1234
1021880,Line1-1021880,,Residence,true,Chicago,00,Java Test,2017-09-21 19:01:39.973+0000,"{'07e01247-7128-4b07-9dd9-9364e2f5c4ef', '57f0fc8c-47c7-4d01-9fe2-fc19b0e79fc1', '99cdcdb3-6a50-44a5-95ed-7cdc5d797717'}",1021880,RCIF,A,Retail,08/19/1964,"[{email_type: 'work', email_address: '1021880@gmail.com', email_status: 'valid'}, {email_type: 'Home', email_address: '1021880@gmail.com', email_status: 'DND'}]",Jason,Jason Paul 21880,M,021880,TIN,21880,2017-09-21 19:01:39.973+0000,Java Test,Paul,"[{phone_type: 'work', phone_number: '1021880w'}, {phone_type: 'home', phone_number: '1021880h'}, {phone_type: 'cell', phone_number: '1021880c'}]",Mr,,,IL,60601,60601-1234
1084687,Line1-1084687,,Residence,true,Bloomington,00,Java Test,2017-09-21 19:01:39.973+0000,"{'0c7291c9-da19-459b-9d23-9229100bc42b', '6e6f9498-4173-40eb-8017-e729f2518612', 'd5cb74ad-2248-4b16-9f3d-784743fd9605'}",1084687,RCIF,A,Retail,11/29/1964,"[{email_type: 'work', email_address: '1084687@gmail.com', email_status: 'valid'}, {email_type: 'Home', email_address: '1084687@gmail.com', email_status: 'DND'}]",Luis,Luis Javier 84687,M,084687,TIN,84687,2017-09-21 19:01:39.973+0000,Java Test,Javier,"[{phone_type: 'work', phone_number: '1084687w'}, {phone_type: 'home', phone_number: '1084687h'}, {phone_type: 'cell', phone_number: '1084687c'}]",Mr,,,MN,55435,55435-1234
1048668,Line1-1048668,Apt 1048668,Apartment,false,Rockford,00,Java Test,2017-09-21 19:01:39.973+0000,"{'43c49f73-d504-4d83-a602-d37e2ecd5461', '47ef4f4e-ff76-4c9a-925d-29c9ea070c64', 'baddc1f5-3b28-4b0e-a647-e668f895442c'}",1048668,RCIF,A,Retail,02/01/1994,"[{email_type: 'work', email_address: '1048668@gmail.com', email_status: 'valid'}, {email_type: 'Home', email_address: '1048668@gmail.com', email_status: 'DND'}]",Igor,Igor Golov 48668,M,048668,TIN,48668,2017-09-21 19:01:39.973+0000,Java Test,Golov,"[{phone_type: 'work', phone_number: '1048668w'}, {phone_type: 'home', phone_number: '1048668h'}, {phone_type: 'cell', phone_number: '1048668c'}]",Mr,,,MN,61101,61101-1234
1003095,Line1-1003095,,Residence,true,Duluth,00,Java Test,2017-09-21 19:01:39.973+0000,"{'0ea8d4dc-3ae9-42bc-96e0-7a931d530424', '1ae9502a-dbe9-405e-8956-6157646ea42d', 'ff6665d1-1f9b-4ca8-aede-a24fd3372895'}",1003095,RCIF,A,Retail,12/13/1954,"[{email_type: 'work', email_address: '1003095@gmail.com', email_status: 'valid'}, {email_type: 'Home', email_address: '1003095@gmail.com', email_status: 'DND'}]",Julia,Julia Elizabeth 03095,F,003095,TIN,03095,2017-09-21 19:01:39.973+0000,Java Test,Elizabeth,"[{phone_type: 'work', phone_number: '1003095w'}, {phone_type: 'home', phone_number: '1003095h'}, {phone_type: 'cell', phone_number: '1003095c'}]",Ms,,,MN,55802,55802-1234
1095948,Line1-1095948,Apt 1095948,Apartment,false,Rockford,00,Java Test,2017-09-21 19:01:39.973+0000,"{'60725cc8-43a7-46f9-a1b3-07d51132259d', '7127cfa6-1fa9-4dc3-87d7-b405334b3776', 'f808637f-a1dd-4c34-a143-de0aa0d0997e'}",1095948,RCIF,A,Retail,02/01/1994,"[{email_type: 'work', email_address: '1095948@gmail.com', email_status: 'valid'}, {email_type: 'Home', email_address: '1095948@gmail.com', email_status: 'DND'}]",Igor,Igor Golov 95948,M,095948,TIN,95948,2017-09-21 19:01:39.973+0000,Java Test,Golov,"[{phone_type: 'work', phone_number: '1095948w'}, {phone_type: 'home', phone_number: '1095948h'}, {phone_type: 'cell', phone_number: '1095948c'}]",Mr,,,MN,61101,61101-1234
1067168,Line1-1067168,Apt 1067168,Apartment,false,Rockford,00,Java Test,2017-09-21 19:01:39.973+0000,"{'592b6d39-099a-4da9-98fa-7c9fc09002b4', '8ea714a7-e5f5-4116-a93b-113a1b1d1bc8', 'a2fe4eea-f49c-4274-a73a-010362059abf'}",1067168,RCIF,A,Retail,02/01/1994,"[{email_type: 'work', email_address: '1067168@gmail.com', email_status: 'valid'}, {email_type: 'Home', email_address: '1067168@gmail.com', email_status: 'DND'}]",Igor,Igor Golov 67168,M,067168,TIN,67168,2017-09-21 19:01:39.973+0000,Java Test,Golov,"[{phone_type: 'work', phone_number: '1067168w'}, {phone_type: 'home', phone_number: '1067168h'}, {phone_type: 'cell', phone_number: '1067168c'}]",Mr,,,MN,61101,61101-1234
1035327,Line1-1035327,,Residence,true,Bloomington,00,Java Test,2017-09-21 19:01:39.973+0000,"{'0fca3819-320c-480b-8d29-7977184ff871', '35eca200-9cbc-4950-a887-1cb5e7f22fd1', '3a232c87-5ce5-4c26-9133-e3bc42784b69'}",1035327,RCIF,A,Retail,11/29/1964,"[{email_type: 'work', email_address: '1035327@gmail.com', email_status: 'valid'}, {email_type: 'Home', email_address: '1035327@gmail.com', email_status: 'DND'}]",Luis,Luis Javier 35327,M,035327,TIN,35327,2017-09-21 19:01:39.973+0000,Java Test,Javier,"[{phone_type: 'work', phone_number: '1035327w'}, {phone_type: 'home', phone_number: '1035327h'}, {phone_type: 'cell', phone_number: '1035327c'}]",Mr,,,MN,55435,55435-1234
1008606,Line1-1008606,,Residence,true,Bloomington,00,Java Test,2017-09-21 19:01:39.973+0000,"{'2d51a576-e5f6-4f47-9437-dae3574ada14', '7cd8f80c-5a63-4c78-b34a-24163c53b0ff', 'd162916b-90c3-41bf-8459-a4417b4bc3cb'}",1008606,RCIF,A,Retail,08/12/1943,"[{email_type: 'work', email_address: '1008606@gmail.com', email_status: 'valid'}, {email_type: 'Home', email_address: '1008606@gmail.com', email_status: 'DND'}]",Miles,Miles John 08606,M,008606,TIN,08606,2017-09-21 19:01:39.973+0000,Java Test,John,"[{phone_type: 'work', phone_number: '1008606w'}, {phone_type: 'home', phone_number: '1008606h'}, {phone_type: 'cell', phone_number: '1008606c'}]",Mr,,,IL,61704,61704-1234
1063491,Line1-1063491,,Residence,true,Minneapolis,00,Java Test,2017-09-21 19:01:39.973+0000,"{'08224d0e-48f4-49d8-8bb6-d071ca50b6cb', '33690b70-470d-4f75-8320-4bcc9b2997e1', 'a8f043ca-39dd-4353-bd69-11db87f66016'}",1063491,RCIF,A,Retail,07/14/1984,"[{email_type: 'work', email_address: '1063491@gmail.com', email_status: 'valid'}, {email_type: 'Home', email_address: '1063491@gmail.com', email_status: 'DND'}]",Catherine,Catherine Ann 63491,F,063491,TIN,63491,2017-09-21 19:01:39.973+0000,Java Test,Ann,"[{phone_type: 'work', phone_number: '1063491w'}, {phone_type: 'home', phone_number: '1063491h'}, {phone_type: 'cell', phone_number: '1063491c'}]",Ms,,,MN,55401,55401-1234
1015686,Line1-1015686,,Residence,true,Bloomington,00,Java Test,2017-09-21 19:01:39.973+0000,"{'65360128-96d3-4b83-8838-fdada5daf2f6', '66291298-bafd-4169-b7b0-980e6a713126', '88ca813a-d35f-47db-ae75-25870df0815e'}",1015686,RCIF,A,Retail,08/12/1943,"[{email_type: 'work', email_address: '1015686@gmail.com', email_status: 'valid'}, {email_type: 'Home', email_address: '1015686@gmail.com', email_status: 'DND'}]",Miles,Miles John 15686,M,015686,TIN,15686,2017-09-21 19:01:39.973+0000,Java Test,John,"[{phone_type: 'work', phone_number: '1015686w'}, {phone_type: 'home', phone_number: '1015686h'}, {phone_type: 'cell', phone_number: '1015686c'}]",Mr,,,IL,61704,61704-1234
1064159,Line1-1064159,Apt 1064159,Apartment,false,Champaign,00,Java Test,2017-09-21 19:01:39.973+0000,"{'3c92b1a5-db2c-473e-8f67-fac4293f2a04', '8c4e5336-5f9a-4db4-87ce-a94d4a782897', 'afc19b4b-aa8d-49e9-940d-14348504719f'}",1064159,RCIF,A,Retail,07/12/1944,"[{email_type: 'work', email_address: '1064159@gmail.com', email_status: 'valid'}, {email_type: 'Home', email_address: '1064159@gmail.com', email_status: 'DND'}]",Angela,Angela Eliza 64159,F,064159,TIN,64159,2017-09-21 19:01:39.973+0000,Java Test,Eliza,"[{phone_type: 'work', phone_number: '1064159w'}, {phone_type: 'home', phone_number: '1064159h'}, {phone_type: 'cell', phone_number: '1064159c'}]",Ms,,,IL,16821,16821-1234
1004103,Line1-1004103,,Mobile,false,Plymouth,00,Java Test,2017-09-21 19:01:39.973+0000,"{'0b6c5433-b6e1-4298-9a24-6bfcea2282ac', 'd0471f04-fc77-4ce8-aa20-53da8b682a19', 'ee5bacbb-6d23-40c0-95b2-10c0003840a6'}",1004103,RCIF,A,Retail,06/10/1951,"[{email_type: 'work', email_address: '1004103@gmail.com', email_status: 'valid'}, {email_type: 'Home', email_address: '1004103@gmail.com', email_status: 'DND'}]",Marcus,Marcus Joseph 04103,M,004103,TIN,04103,2017-09-21 19:01:39.973+0000,Java Test,Joseph,"[{phone_type: 'work', phone_number: '1004103w'}, {phone_type: 'home', phone_number: '1004103h'}, {phone_type: 'cell', phone_number: '1004103c'}]",Mr,,,MN,55441,55441-1234
1004414,Line1-1004414,,Residence,true,Edina,00,Java Test,2017-09-21 19:01:39.973+0000,"{'0b734c2b-c417-48ec-aaa2-f64c54b2e900', '5566c182-521a-4fd3-acfb-4d4317c84b02', '68ecde8a-926f-47b4-a71c-9419fe321ded', '950833d2-490f-478a-84f4-a7a306c26551'}",1004414,RCIF,A,Retail,11/22/1995,"[{email_type: 'work', email_address: '1004414@gmail.com', email_status: 'valid'}, {email_type: 'Home', email_address: '1004414@gmail.com', email_status: 'DND'}]",Louisa,Louisa Amy 04414,F,004414,TIN,04414,2017-09-21 19:01:39.973+0000,Java Test,Amy,"[{phone_type: 'work', phone_number: '1004414w'}, {phone_type: 'home', phone_number: '1004414h'}, {phone_type: 'cell', phone_number: '1004414c'}]",Ms,,,MN,55435,55435-1234
1055663,Line1-1055663,,Mobile,false,Plymouth,00,Java Test,2017-09-21 19:01:39.973+0000,"{'19f6222c-30f4-4c4e-91de-741886f6631e', '88a3c71a-bc0f-41fc-b049-7b6ffc082ff9', 'a10b7223-d6a8-4d9d-a15e-1bc534bca80c'}",1055663,RCIF,A,Retail,06/10/1951,"[{email_type: 'work', email_address: '1055663@gmail.com', email_status: 'valid'}, {email_type: 'Home', email_address: '1055663@gmail.com', email_status: 'DND'}]",Marcus,Marcus Joseph 55663,M,055663,TIN,55663,2017-09-21 19:01:39.973+0000,Java Test,Joseph,"[{phone_type: 'work', phone_number: '1055663w'}, {phone_type: 'home', phone_number: '1055663h'}, {phone_type: 'cell', phone_number: '1055663c'}]",Mr,,,MN,55441,55441-1234
1051741,Line1-1051741,,Residence,true,Minneapolis,00,Java Test,2017-09-21 19:01:39.973+0000,"{'096f570d-4c4c-497f-bab4-f9b7a2477c19', 'c5ab175b-ae14-4751-b80e-47a064afa6e3', 'dfc8e435-38d4-4615-aaa6-29df577cb968'}",1051741,RCIF,A,Retail,07/14/1984,"[{email_type: 'work', email_address: '1051741@gmail.com', email_status: 'valid'}, {email_type: 'Home', email_address: '1051741@gmail.com', email_status: 'DND'}]",Catherine,Catherine Ann 51741,F,051741,TIN,51741,2017-09-21 19:01:39.973+0000,Java Test,Ann,"[{phone_type: 'work', phone_number: '1051741w'}, {phone_type: 'home', phone_number: '1051741h'}, {phone_type: 'cell', phone_number: '1051741c'}]",Ms,,,MN,55401,55401-1234
1035828,Line1-1035828,Apt 1035828,Apartment,false,Rockford,00,Java Test,2017-09-21 19:01:39.973+0000,"{'47c28346-9e30-465f-870f-1ce9a16def54', '567e95c7-4b4e-4aee-9df9-b0845e563f83', 'a8e1dcbb-2933-49d0-b009-cae051a572ab', 'f664d374-7b74-48d3-8380-e3cf18e43c35'}",1035828,RCIF,A,Retail,02/01/1994,"[{email_type: 'work', email_address: '1035828@gmail.com', email_status: 'valid'}, {email_type: 'Home', email_address: '1035828@gmail.com', email_status: 'DND'}]",Igor,Igor Golov 35828,M,035828,TIN,35828,2017-09-21 19:01:39.973+0000,Java Test,Golov,"[{phone_type: 'work', phone_number: '1035828w'}, {phone_type: 'home', phone_number: '1035828h'}, {phone_type: 'cell', phone_number: '1035828c'}]",Mr,,,MN,61101,61101-1234
1046590,Line1-1046590,,Residence,true,Chicago,00,Java Test,2017-09-21 19:01:39.973+0000,"{'13d3f05f-b2b3-4665-9da8-9f9e50ff9864', 'a66ea29f-d714-4f6e-9d95-7a8accc99bb6', 'f29dc03a-8ea5-4842-ba51-a3fad3a3b596'}",1046590,RCIF,A,Retail,08/19/1964,"[{email_type: 'work', email_address: '1046590@gmail.com', email_status: 'valid'}, {email_type: 'Home', email_address: '1046590@gmail.com', email_status: 'DND'}]",Jason,Jason Paul 46590,M,046590,TIN,46590,2017-09-21 19:01:39.973+0000,Java Test,Paul,"[{phone_type: 'work', phone_number: '1046590w'}, {phone_type: 'home', phone_number: '1046590h'}, {phone_type: 'cell', phone_number: '1046590c'}]",Mr,,,IL,60601,60601-1234
1092670,Line1-1092670,,Residence,true,Chicago,00,Java Test,2017-09-21 19:01:39.973+0000,"{'07fbdd80-5665-4ab8-99c4-655456e721f0', '2919d749-1061-48f9-8ec7-f8b399b3257d', '9dc23651-0ed1-45dd-952a-831fcb7c8e77', 'e6acf9bf-997b-45dd-9b62-25fcef337eab'}",1092670,RCIF,A,Retail,08/19/1964,"[{email_type: 'work', email_address: '1092670@gmail.com', email_status: 'valid'}, {email_type: 'Home', email_address: '1092670@gmail.com', email_status: 'DND'}]",Jason,Jason Paul 92670,M,092670,TIN,92670,2017-09-21 19:01:39.973+0000,Java Test,Paul,"[{phone_type: 'work', phone_number: '1092670w'}, {phone_type: 'home', phone_number: '1092670h'}, {phone_type: 'cell', phone_number: '1092670c'}]",Mr,,,IL,60601,60601-1234
1026520,Line1-1026520,,Residence,true,Chicago,00,Java Test,2017-09-21 19:01:39.973+0000,"{'57b55281-1372-4431-8dbe-85f0f579ba69', '622d76ab-6718-4707-ad28-d56949fdb515', 'd61e0515-a896-4a52-9a1f-4fa1cb377255'}",1026520,RCIF,A,Retail,08/19/1964,"[{email_type: 'work', email_address: '1026520@gmail.com', email_status: 'valid'}, {email_type: 'Home', email_address: '1026520@gmail.com', email_status: 'DND'}]",Jason,Jason Paul 26520,M,026520,TIN,26520,2017-09-21 19:01:39.973+0000,Java Test,Paul,"[{phone_type: 'work', phone_number: '1026520w'}, {phone_type: 'home', phone_number: '1026520h'}, {phone_type: 'cell', phone_number: '1026520c'}]",Mr,,,IL,60601,60601-1234
1079211,Line1-1079211,,Residence,true,Minneapolis,00,Java Test,2017-09-21 19:01:39.973+0000,"{'00a03709-f9db-474a-a09e-37ded27ba619', 'af296132-ff6a-4771-8e89-f6ce8eec33b0', 'ed214a84-19a0-41db-874f-30887c11ca8a'}",1079211,RCIF,A,Retail,07/14/1984,"[{email_type: 'work', email_address: '1079211@gmail.com', email_status: 'valid'}, {email_type: 'Home', email_address: '1079211@gmail.com', email_status: 'DND'}]",Catherine,Catherine Ann 79211,F,079211,TIN,79211,2017-09-21 19:01:39.973+0000,Java Test,Ann,"[{phone_type: 'work', phone_number: '1079211w'}, {phone_type: 'home', phone_number: '1079211h'}, {phone_type: 'cell', phone_number: '1079211c'}]",Ms,,,MN,55401,55401-1234
1064718,Line1-1064718,Apt 1064718,Apartment,false,Rockford,00,Java Test,2017-09-21 19:01:39.973+0000,"{'08793e9c-8e82-42dd-aef4-9198573397fa', '28a20132-f557-4005-a804-dbd52a19bff7', 'a8fb76e0-dcab-47f4-a7a2-c07fcc74f2a6'}",1064718,RCIF,A,Retail,02/01/1994,"[{email_type: 'work', email_address: '1064718@gmail.com', email_status: 'valid'}, {email_type: 'Home', email_address: '1064718@gmail.com', email_status: 'DND'}]",Igor,Igor Golov 64718,M,064718,TIN,64718,2017-09-21 19:01:39.973+0000,Java Test,Golov,"[{phone_type: 'work', phone_number: '1064718w'}, {phone_type: 'home', phone_number: '1064718h'}, {phone_type: 'cell', phone_number: '1064718c'}]",Mr,,,MN,61101,61101-1234
1095742,Line1-1095742,,Residence,true,St. Paul,00,Java Test,2017-09-21 19:01:39.973+0000,"{'bbb5ade7-b024-46ad-b88c-befd5d004b12', 'cc3a325a-ff7c-4852-a701-d15f33b86c13', 'f2d33d47-82ac-41ed-96cb-c5a818e1a807', 'f9323dc9-86f0-4e0f-b992-b2f99b6916d0'}",1095742,RCIF,A,Retail,01/20/2000,"[{email_type: 'work', email_address: '1095742@gmail.com', email_status: 'valid'}, {email_type: 'Home', email_address: '1095742@gmail.com', email_status: 'DND'}]",Esmeralda,Esmeralda Mary 95742,F,095742,TIN,95742,2017-09-21 19:01:39.973+0000,Java Test,Mary,"[{phone_type: 'work', phone_number: '1095742w'}, {phone_type: 'home', phone_number: '1095742h'}, {phone_type: 'cell', phone_number: '1095742c'}]",Ms,,,MN,55101,55101-1234
1026887,Line1-1026887,,Residence,true,Bloomington,00,Java Test,2017-09-21 19:01:39.973+0000,"{'32a6d0e0-54b0-42ce-91df-06a87338079c', '506b6f76-09c4-45a9-9be7-ada91c163d94', 'ce29ef70-1b45-42a0-979e-7bf17b317914'}",1026887,RCIF,A,Retail,11/29/1964,"[{email_type: 'work', email_address: '1026887@gmail.com', email_status: 'valid'}, {email_type: 'Home', email_address: '1026887@gmail.com', email_status: 'DND'}]",Luis,Luis Javier 26887,M,026887,TIN,26887,2017-09-21 19:01:39.973+0000,Java Test,Javier,"[{phone_type: 'work', phone_number: '1026887w'}, {phone_type: 'home', phone_number: '1026887h'}, {phone_type: 'cell', phone_number: '1026887c'}]",Mr,,,MN,55435,55435-1234
1015402,Line1-1015402,,Residence,true,St. Paul,00,Java Test,2017-09-21 19:01:39.973+0000,"{'44a80c41-2bd3-457f-b5c1-428d092f1ec5', '962f9541-c95a-4dc2-ba14-e5bae021e025', 'e61daed5-fedf-46b6-841f-191149f99958'}",1015402,RCIF,A,Retail,01/20/2000,"[{email_type: 'work', email_address: '1015402@gmail.com', email_status: 'valid'}, {email_type: 'Home', email_address: '1015402@gmail.com', email_status: 'DND'}]",Esmeralda,Esmeralda Mary 15402,F,015402,TIN,15402,2017-09-21 19:01:39.973+0000,Java Test,Mary,"[{phone_type: 'work', phone_number: '1015402w'}, {phone_type: 'home', phone_number: '1015402h'}, {phone_type: 'cell', phone_number: '1015402c'}]",Ms,,,MN,55101,55101-1234
1015720,Line1-1015720,,Residence,true,Chicago,00,Java Test,2017-09-21 19:01:39.973+0000,"{'5b1c989b-220e-4b33-88c7-397fa251ee57', '7f92f285-c58a-4fd8-9b2f-42746cf2e32d', 'da19bf6e-c639-4011-a0d7-a7d6e3baaef7'}",1015720,RCIF,A,Retail,08/19/1964,"[{email_type: 'work', email_address: '1015720@gmail.com', email_status: 'valid'}, {email_type: 'Home', email_address: '1015720@gmail.com', email_status: 'DND'}]",Jason,Jason Paul 15720,M,015720,TIN,15720,2017-09-21 19:01:39.973+0000,Java Test,Paul,"[{phone_type: 'work', phone_number: '1015720w'}, {phone_type: 'home', phone_number: '1015720h'}, {phone_type: 'cell', phone_number: '1015720c'}]",Mr,,,IL,60601,60601-1234
1057127,Line1-1057127,,Residence,true,Bloomington,00,Java Test,2017-09-21 19:01:39.973+0000,"{'1e15dcf6-8ace-40a1-bf5e-9168ed0b518c', '534eefac-2dcd-4f92-b12f-1870253b6628', 'dcf651d8-6600-452e-972f-a8f016ff09e9'}",1057127,RCIF,A,Retail,11/29/1964,"[{email_type: 'work', email_address: '1057127@gmail.com', email_status: 'valid'}, {email_type: 'Home', email_address: '1057127@gmail.com', email_status: 'DND'}]",Luis,Luis Javier 57127,M,057127,TIN,57127,2017-09-21 19:01:39.973+0000,Java Test,Javier,"[{phone_type: 'work', phone_number: '1057127w'}, {phone_type: 'home', phone_number: '1057127h'}, {phone_type: 'cell', phone_number: '1057127c'}]",Mr,,,MN,55435,55435-1234
1019123,Line1-1019123,,Mobile,false,Plymouth,00,Java Test,2017-09-21 19:01:39.973+0000,"{'aa45bf81-4e98-4d2d-9a2b-10140457c71c', 'aaec7107-752c-4287-96ad-41fb617ff4e5', 'bd1cb7a3-c3a8-4cc6-bce5-57b81d6bf7be'}",1019123,RCIF,A,Retail,06/10/1951,"[{email_type: 'work', email_address: '1019123@gmail.com', email_status: 'valid'}, {email_type: 'Home', email_address: '1019123@gmail.com', email_status: 'DND'}]",Marcus,Marcus Joseph 19123,M,019123,TIN,19123,2017-09-21 19:01:39.973+0000,Java Test,Joseph,"[{phone_type: 'work', phone_number: '1019123w'}, {phone_type: 'home', phone_number: '1019123h'}, {phone_type: 'cell', phone_number: '1019123c'}]",Mr,,,MN,55441,55441-1234
1021508,Line1-1021508,Apt 1021508,Apartment,false,Rockford,00,Java Test,2017-09-21 19:01:39.973+0000,"{'6c23485f-54b0-4d38-b7e3-a45d439de661', '84f25bdc-457e-4f87-a9ae-d9dcb390e157', 'e6fb8b7a-0a55-4f63-a377-66a9ddca6c8e'}",1021508,RCIF,A,Retail,02/01/1994,"[{email_type: 'work', email_address: '1021508@gmail.com', email_status: 'valid'}, {email_type: 'Home', email_address: '1021508@gmail.com', email_status: 'DND'}]",Igor,Igor Golov 21508,M,021508,TIN,21508,2017-09-21 19:01:39.973+0000,Java Test,Golov,"[{phone_type: 'work', phone_number: '1021508w'}, {phone_type: 'home', phone_number: '1021508h'}, {phone_type: 'cell', phone_number: '1021508c'}]",Mr,,,MN,61101,61101-1234
1030095,Line1-1030095,,Residence,true,Duluth,00,Java Test,2017-09-21 19:01:39.973+0000,"{'89e311a6-af53-4a0c-8fad-ac8bf6b89d16', '8ddfa9a1-52f0-43e0-a7ba-5b54419e118a', 'ae860107-54a0-4689-a919-397dbb4c3a3e'}",1030095,RCIF,A,Retail,12/13/1954,"[{email_type: 'work', email_address: '1030095@gmail.com', email_status: 'valid'}, {email_type: 'Home', email_address: '1030095@gmail.com', email_status: 'DND'}]",Julia,Julia Elizabeth 30095,F,030095,TIN,30095,2017-09-21 19:01:39.973+0000,Java Test,Elizabeth,"[{phone_type: 'work', phone_number: '1030095w'}, {phone_type: 'home', phone_number: '1030095h'}, {phone_type: 'cell', phone_number: '1030095c'}]",Ms,,,MN,55802,55802-1234
1026969,Line1-1026969,Apt 1026969,Apartment,false,Champaign,00,Java Test,2017-09-21 19:01:39.973+0000,"{'59b0433b-a03d-4428-aa8a-c9c644585c99', '70177509-47c6-47a2-b73f-c6cf6c77b311', '87efd920-f4c8-445d-a50c-1863dc342c79'}",1026969,RCIF,A,Retail,07/12/1944,"[{email_type: 'work', email_address: '1026969@gmail.com', email_status: 'valid'}, {email_type: 'Home', email_address: '1026969@gmail.com', email_status: 'DND'}]",Angela,Angela Eliza 26969,F,026969,TIN,26969,2017-09-21 19:01:39.973+0000,Java Test,Eliza,"[{phone_type: 'work', phone_number: '1026969w'}, {phone_type: 'home', phone_number: '1026969h'}, {phone_type: 'cell', phone_number: '1026969c'}]",Ms,,,IL,16821,16821-1234
1055742,Line1-1055742,,Residence,true,St. Paul,00,Java Test,2017-09-21 19:01:39.973+0000,"{'35357372-f6ae-4dcc-bc53-e9698b4cb607', 'a3aada37-c927-4802-8c41-1a8826a2c297', 'b0262077-02e6-4866-b610-32028a14f78c'}",1055742,RCIF,A,Retail,01/20/2000,"[{email_type: 'work', email_address: '1055742@gmail.com', email_status: 'valid'}, {email_type: 'Home', email_address: '1055742@gmail.com', email_status: 'DND'}]",Esmeralda,Esmeralda Mary 55742,F,055742,TIN,55742,2017-09-21 19:01:39.973+0000,Java Test,Mary,"[{phone_type: 'work', phone_number: '1055742w'}, {phone_type: 'home', phone_number: '1055742h'}, {phone_type: 'cell', phone_number: '1055742c'}]",Ms,,,MN,55101,55101-1234
1052308,Line1-1052308,Apt 1052308,Apartment,false,Rockford,00,Java Test,2017-09-21 19:01:39.973+0000,"{'7365283b-f64e-4f75-9a34-60b56b08b099', '9dc0e91f-d293-40ec-b8c3-c0ebc0ce90f6', 'cb2c685e-9d54-4a32-9f3f-b3a152f0a106'}",1052308,RCIF,A,Retail,02/01/1994,"[{email_type: 'work', email_address: '1052308@gmail.com', email_status: 'valid'}, {email_type: 'Home', email_address: '1052308@gmail.com', email_status: 'DND'}]",Igor,Igor Golov 52308,M,052308,TIN,52308,2017-09-21 19:01:39.973+0000,Java Test,Golov,"[{phone_type: 'work', phone_number: '1052308w'}, {phone_type: 'home', phone_number: '1052308h'}, {phone_type: 'cell', phone_number: '1052308c'}]",Mr,,,MN,61101,61101-1234
1028360,Line1-1028360,,Residence,true,Chicago,00,Java Test,2017-09-21 19:01:39.973+0000,"{'6df4ca82-eda4-4ae5-896d-7285b25c43c1', '9dc8f46d-66c7-4c19-842a-b4838700b85d', 'b4773e67-8b6e-4dfd-ab08-eb1557e00165'}",1028360,RCIF,A,Retail,08/19/1964,"[{email_type: 'work', email_address: '1028360@gmail.com', email_status: 'valid'}, {email_type: 'Home', email_address: '1028360@gmail.com', email_status: 'DND'}]",Jason,Jason Paul 28360,M,028360,TIN,28360,2017-09-21 19:01:39.973+0000,Java Test,Paul,"[{phone_type: 'work', phone_number: '1028360w'}, {phone_type: 'home', phone_number: '1028360h'}, {phone_type: 'cell', phone_number: '1028360c'}]",Mr,,,IL,60601,60601-1234
1025470,Line1-1025470,,Residence,true,Chicago,00,Java Test,2017-09-21 19:01:39.973+0000,"{'1cf0d8ec-f132-4749-87b1-172e740edbf2', 'b9573af7-cab7-4aba-a8d1-86b70a84f2f3', 'efb008f1-71d7-4c19-8f46-60b1df77c8df'}",1025470,RCIF,A,Retail,08/19/1964,"[{email_type: 'work', email_address: '1025470@gmail.com', email_status: 'valid'}, {email_type: 'Home', email_address: '1025470@gmail.com', email_status: 'DND'}]",Jason,Jason Paul 25470,M,025470,TIN,25470,2017-09-21 19:01:39.973+0000,Java Test,Paul,"[{phone_type: 'work', phone_number: '1025470w'}, {phone_type: 'home', phone_number: '1025470h'}, {phone_type: 'cell', phone_number: '1025470c'}]",Mr,,,IL,60601,60601-1234
1030494,Line1-1030494,,Residence,true,Edina,00,Java Test,2017-09-21 19:01:39.973+0000,"{'08627fc4-0a95-4680-ab44-dcbbceba7f42', '2f84be54-d9f1-4186-8beb-7abc71ef5fce', '8ceb9ad8-5f02-4594-a154-0120da9cf0b1'}",1030494,RCIF,A,Retail,11/22/1995,"[{email_type: 'work', email_address: '1030494@gmail.com', email_status: 'valid'}, {email_type: 'Home', email_address: '1030494@gmail.com', email_status: 'DND'}]",Louisa,Louisa Amy 30494,F,030494,TIN,30494,2017-09-21 19:01:39.973+0000,Java Test,Amy,"[{phone_type: 'work', phone_number: '1030494w'}, {phone_type: 'home', phone_number: '1030494h'}, {phone_type: 'cell', phone_number: '1030494c'}]",Ms,,,MN,55435,55435-1234
1088983,Line1-1088983,,Mobile,false,Plymouth,00,Java Test,2017-09-21 19:01:39.973+0000,"{'26aba0cd-4b0b-40d5-82e3-2f6a788032ab', 'a2dd5178-c3b7-4379-8834-e416f2f30ef7', 'ab8e8e8f-52b3-408e-91f1-fe867427e2b3'}",1088983,RCIF,A,Retail,06/10/1951,"[{email_type: 'work', email_address: '1088983@gmail.com', email_status: 'valid'}, {email_type: 'Home', email_address: '1088983@gmail.com', email_status: 'DND'}]",Marcus,Marcus Joseph 88983,M,088983,TIN,88983,2017-09-21 19:01:39.973+0000,Java Test,Joseph,"[{phone_type: 'work', phone_number: '1088983w'}, {phone_type: 'home', phone_number: '1088983h'}, {phone_type: 'cell', phone_number: '1088983c'}]",Mr,,,MN,55441,55441-1234
1097693,Line1-1097693,,Mobile,false,Plymouth,00,Java Test,2017-09-21 19:01:39.973+0000,"{'7c42cc09-d538-4a3a-9ab1-1bb2c01ed8db', '84e5164e-6495-40aa-8d3b-36d8d456ea98', 'd5489be7-d5ff-4894-addf-2ff8a4969d0a'}",1097693,RCIF,A,Retail,06/10/1951,"[{email_type: 'work', email_address: '1097693@gmail.com', email_status: 'valid'}, {email_type: 'Home', email_address: '1097693@gmail.com', email_status: 'DND'}]",Marcus,Marcus Joseph 97693,M,097693,TIN,97693,2017-09-21 19:01:39.973+0000,Java Test,Joseph,"[{phone_type: 'work', phone_number: '1097693w'}, {phone_type: 'home', phone_number: '1097693h'}, {phone_type: 'cell', phone_number: '1097693c'}]",Mr,,,MN,55441,55441-1234
1065651,Line1-1065651,,Residence,true,Minneapolis,00,Java Test,2017-09-21 19:01:39.973+0000,"{'0106933c-1faa-4be4-935f-17618c10b8db', '434cd39b-e94b-4c5c-af3c-5fb712ffb763', '9dbf6a3e-7b15-4839-ae62-16445dd9c449'}",1065651,RCIF,A,Retail,07/14/1984,"[{email_type: 'work', email_address: '1065651@gmail.com', email_status: 'valid'}, {email_type: 'Home', email_address: '1065651@gmail.com', email_status: 'DND'}]",Catherine,Catherine Ann 65651,F,065651,TIN,65651,2017-09-21 19:01:39.973+0000,Java Test,Ann,"[{phone_type: 'work', phone_number: '1065651w'}, {phone_type: 'home', phone_number: '1065651h'}, {phone_type: 'cell', phone_number: '1065651c'}]",Ms,,,MN,55401,55401-1234
1089470,Line1-1089470,,Residence,true,Chicago,00,Java Test,2017-09-21 19:01:39.973+0000,"{'2cf6a707-ece6-4998-b937-4e5af7508797', 'a6e1ff4b-fba5-4eae-90a8-bfb23bb10f4f', 'dab459c8-e36d-4cce-9afb-5348b9e32aaf'}",1089470,RCIF,A,Retail,08/19/1964,"[{email_type: 'work', email_address: '1089470@gmail.com', email_status: 'valid'}, {email_type: 'Home', email_address: '1089470@gmail.com', email_status: 'DND'}]",Jason,Jason Paul 89470,M,089470,TIN,89470,2017-09-21 19:01:39.973+0000,Java Test,Paul,"[{phone_type: 'work', phone_number: '1089470w'}, {phone_type: 'home', phone_number: '1089470h'}, {phone_type: 'cell', phone_number: '1089470c'}]",Mr,,,IL,60601,60601-1234
1075943,Line1-1075943,,Mobile,false,Plymouth,00,Java Test,2017-09-21 19:01:39.973+0000,"{'070fbde0-2a71-4222-af72-a23f52041c0c', '612b145a-112c-4ba8-85d4-968a3d8d978d', '925911bb-2a03-4c85-a31a-17063f58a5ba'}",1075943,RCIF,A,Retail,06/10/1951,"[{email_type: 'work', email_address: '1075943@gmail.com', email_status: 'valid'}, {email_type: 'Home', email_address: '1075943@gmail.com', email_status: 'DND'}]",Marcus,Marcus Joseph 75943,M,075943,TIN,75943,2017-09-21 19:01:39.973+0000,Java Test,Joseph,"[{phone_type: 'work', phone_number: '1075943w'}, {phone_type: 'home', phone_number: '1075943h'}, {phone_type: 'cell', phone_number: '1075943c'}]",Mr,,,MN,55441,55441-1234
1027564,Line1-1027564,,Residence,true,Edina,00,Java Test,2017-09-21 19:01:39.973+0000,"{'7af4beb1-ec32-473a-868e-832eeb6b54f9', '96ab9c3a-8b22-4e02-aa0c-f841034f1017', 'debe4906-89d3-4531-8d51-4d9c06248a9b'}",1027564,RCIF,A,Retail,11/22/1995,"[{email_type: 'work', email_address: '1027564@gmail.com', email_status: 'valid'}, {email_type: 'Home', email_address: '1027564@gmail.com', email_status: 'DND'}]",Louisa,Louisa Amy 27564,F,027564,TIN,27564,2017-09-21 19:01:39.973+0000,Java Test,Amy,"[{phone_type: 'work', phone_number: '1027564w'}, {phone_type: 'home', phone_number: '1027564h'}, {phone_type: 'cell', phone_number: '1027564c'}]",Ms,,,MN,55435,55435-1234
1012356,Line1-1012356,,Residence,true,Bloomington,00,Java Test,2017-09-21 19:01:39.973+0000,"{'32645625-0ce6-4927-b874-59234066e9c8', '6d4a806c-f277-4483-a914-47b641d52058', '9365c140-be3b-4140-a308-861e5f221d2f', 'dd1f8765-3086-4d30-8a10-5d802ee5779d'}",1012356,RCIF,A,Retail,08/12/1943,"[{email_type: 'work', email_address: '1012356@gmail.com', email_status: 'valid'}, {email_type: 'Home', email_address: '1012356@gmail.com', email_status: 'DND'}]",Miles,Miles John 12356,M,012356,TIN,12356,2017-09-21 19:01:39.973+0000,Java Test,John,"[{phone_type: 'work', phone_number: '1012356w'}, {phone_type: 'home', phone_number: '1012356h'}, {phone_type: 'cell', phone_number: '1012356c'}]",Mr,,,IL,61704,61704-1234
1040171,Line1-1040171,,Residence,true,Minneapolis,00,Java Test,2017-09-21 19:01:39.973+0000,"{'5f483e9d-d42d-4801-8b1d-1d5b76737088', 'c80af847-947c-48fd-9bf6-b889c9731922', 'ece1e23e-6a8e-4967-8e8c-2097993376fe'}",1040171,RCIF,A,Retail,07/14/1984,"[{email_type: 'work', email_address: '1040171@gmail.com', email_status: 'valid'}, {email_type: 'Home', email_address: '1040171@gmail.com', email_status: 'DND'}]",Catherine,Catherine Ann 40171,F,040171,TIN,40171,2017-09-21 19:01:39.973+0000,Java Test,Ann,"[{phone_type: 'work', phone_number: '1040171w'}, {phone_type: 'home', phone_number: '1040171h'}, {phone_type: 'cell', phone_number: '1040171c'}]",Ms,,,MN,55401,55401-1234
1009328,Line1-1009328,Apt 1009328,Apartment,false,Rockford,00,Java Test,2017-09-21 19:01:39.973+0000,"{'1506bb42-b2f7-44a0-90f1-ac110c44a730', '18bf6090-a147-4397-b710-5967618ade36', '44de7a5e-8058-47d9-945e-fbb0dd701fdf'}",1009328,RCIF,A,Retail,02/01/1994,"[{email_type: 'work', email_address: '1009328@gmail.com', email_status: 'valid'}, {email_type: 'Home', email_address: '1009328@gmail.com', email_status: 'DND'}]",Igor,Igor Golov 09328,M,009328,TIN,09328,2017-09-21 19:01:39.973+0000,Java Test,Golov,"[{phone_type: 'work', phone_number: '1009328w'}, {phone_type: 'home', phone_number: '1009328h'}, {phone_type: 'cell', phone_number: '1009328c'}]",Mr,,,MN,61101,61101-1234
1088926,Line1-1088926,,Residence,true,Bloomington,00,Java Test,2017-09-21 19:01:39.973+0000,"{'62c97017-d754-4044-b61d-30f8df1acb1e', '92394614-abaa-4269-9f5a-e54175736e74', 'd839ed33-e3f0-465c-8ca1-038b2876f99f'}",1088926,RCIF,A,Retail,08/12/1943,"[{email_type: 'work', email_address: '1088926@gmail.com', email_status: 'valid'}, {email_type: 'Home', email_address: '1088926@gmail.com', email_status: 'DND'}]",Miles,Miles John 88926,M,088926,TIN,88926,2017-09-21 19:01:39.973+0000,Java Test,John,"[{phone_type: 'work', phone_number: '1088926w'}, {phone_type: 'home', phone_number: '1088926h'}, {phone_type: 'cell', phone_number: '1088926c'}]",Mr,,,IL,61704,61704-1234
1016264,Line1-1016264,,Residence,true,Edina,00,Java Test,2017-09-21 19:01:39.973+0000,"{'06b353ef-8cbe-4ed6-b516-22c88ff80626', '1e6261e6-c121-4cd7-8b93-aeb1edde4bf4', 'c65b9e52-85ce-4f7b-a1e9-81b56dc896df'}",1016264,RCIF,A,Retail,11/22/1995,"[{email_type: 'work', email_address: '1016264@gmail.com', email_status: 'valid'}, {email_type: 'Home', email_address: '1016264@gmail.com', email_status: 'DND'}]",Louisa,Louisa Amy 16264,F,016264,TIN,16264,2017-09-21 19:01:39.973+0000,Java Test,Amy,"[{phone_type: 'work', phone_number: '1016264w'}, {phone_type: 'home', phone_number: '1016264h'}, {phone_type: 'cell', phone_number: '1016264c'}]",Ms,,,MN,55435,55435-1234
1054664,Line1-1054664,,Residence,true,Edina,00,Java Test,2017-09-21 19:01:39.973+0000,"{'3c1663b5-4ff8-4736-821f-0e6c29d65264', '3e7fc257-d1b9-4d63-b4b0-f43bf89a8b32', '775afa88-931b-4de9-afb5-8e0a14183a95'}",1054664,RCIF,A,Retail,11/22/1995,"[{email_type: 'work', email_address: '1054664@gmail.com', email_status: 'valid'}, {email_type: 'Home', email_address: '1054664@gmail.com', email_status: 'DND'}]",Louisa,Louisa Amy 54664,F,054664,TIN,54664,2017-09-21 19:01:39.973+0000,Java Test,Amy,"[{phone_type: 'work', phone_number: '1054664w'}, {phone_type: 'home', phone_number: '1054664h'}, {phone_type: 'cell', phone_number: '1054664c'}]",Ms,,,MN,55435,55435-1234
1072017,Line1-1072017,,Residence,true,Bloomington,00,Java Test,2017-09-21 19:01:39.973+0000,"{'4b326ec7-9f53-4c19-97a1-ef8a5c4cba6a', '5924447b-b5f2-4090-881b-762e98bbb88a', '72e3d599-33a9-46a6-acaa-379f737d8acb'}",1072017,RCIF,A,Retail,11/29/1964,"[{email_type: 'work', email_address: '1072017@gmail.com', email_status: 'valid'}, {email_type: 'Home', email_address: '1072017@gmail.com', email_status: 'DND'}]",Luis,Luis Javier 72017,M,072017,TIN,72017,2017-09-21 19:01:39.973+0000,Java Test,Javier,"[{phone_type: 'work', phone_number: '1072017w'}, {phone_type: 'home', phone_number: '1072017h'}, {phone_type: 'cell', phone_number: '1072017c'}]",Mr,,,MN,55435,55435-1234
1012331,Line1-1012331,,Residence,true,Minneapolis,00,Java Test,2017-09-21 19:01:39.973+0000,"{'1fafa292-9263-4032-bf0b-70574bc4975b', '98d72244-5b08-4417-ab53-734446bdde2f', 'a3f7f664-46ec-4bd1-a701-51089cbc1ae6'}",1012331,RCIF,A,Retail,07/14/1984,"[{email_type: 'work', email_address: '1012331@gmail.com', email_status: 'valid'}, {email_type: 'Home', email_address: '1012331@gmail.com', email_status: 'DND'}]",Catherine,Catherine Ann 12331,F,012331,TIN,12331,2017-09-21 19:01:39.973+0000,Java Test,Ann,"[{phone_type: 'work', phone_number: '1012331w'}, {phone_type: 'home', phone_number: '1012331h'}, {phone_type: 'cell', phone_number: '1012331c'}]",Ms,,,MN,55401,55401-1234
1045562,Line1-1045562,,Residence,true,St. Paul,00,Java Test,2017-09-21 19:01:39.973+0000,"{'ae9f1c6f-9c14-4f60-9af9-ac8d4f3d0a72', 'b7123569-2aac-4447-b635-81fea76892f0', 'eff0f53f-e8ef-49bd-8a4f-39ea6a2bd601'}",1045562,RCIF,A,Retail,01/20/2000,"[{email_type: 'work', email_address: '1045562@gmail.com', email_status: 'valid'}, {email_type: 'Home', email_address: '1045562@gmail.com', email_status: 'DND'}]",Esmeralda,Esmeralda Mary 45562,F,045562,TIN,45562,2017-09-21 19:01:39.973+0000,Java Test,Mary,"[{phone_type: 'work', phone_number: '1045562w'}, {phone_type: 'home', phone_number: '1045562h'}, {phone_type: 'cell', phone_number: '1045562c'}]",Ms,,,MN,55101,55101-1234
1030571,Line1-1030571,,Residence,true,Minneapolis,00,Java Test,2017-09-21 19:01:39.973+0000,"{'2a6e1cbe-606d-4811-ab1e-7977114fdda4', '5296f490-e475-42c2-a352-80f455a14967', '842c9648-3bc6-4f22-acdb-9d6a532d9f88'}",1030571,RCIF,A,Retail,07/14/1984,"[{email_type: 'work', email_address: '1030571@gmail.com', email_status: 'valid'}, {email_type: 'Home', email_address: '1030571@gmail.com', email_status: 'DND'}]",Catherine,Catherine Ann 30571,F,030571,TIN,30571,2017-09-21 19:01:39.973+0000,Java Test,Ann,"[{phone_type: 'work', phone_number: '1030571w'}, {phone_type: 'home', phone_number: '1030571h'}, {phone_type: 'cell', phone_number: '1030571c'}]",Ms,,,MN,55401,55401-1234
1084314,Line1-1084314,,Residence,true,Edina,00,Java Test,2017-09-21 19:01:39.973+0000,"{'034035d0-1884-47a3-8aa7-b73846067438', '6647d469-a90b-4cb4-86ac-f5fb5a3eb863', 'd4c228cb-4da0-4c98-b0f9-d8bb608cb238'}",1084314,RCIF,A,Retail,11/22/1995,"[{email_type: 'work', email_address: '1084314@gmail.com', email_status: 'valid'}, {email_type: 'Home', email_address: '1084314@gmail.com', email_status: 'DND'}]",Louisa,Louisa Amy 84314,F,084314,TIN,84314,2017-09-21 19:01:39.973+0000,Java Test,Amy,"[{phone_type: 'work', phone_number: '1084314w'}, {phone_type: 'home', phone_number: '1084314h'}, {phone_type: 'cell', phone_number: '1084314c'}]",Ms,,,MN,55435,55435-1234
1032206,Line1-1032206,,Residence,true,Bloomington,00,Java Test,2017-09-21 19:01:39.973+0000,"{'87bf86b5-f9dd-4726-b133-22e6e08a9212', 'bdea5d8a-3dfa-470c-b09d-c3cf052e62f0', 'bfe75903-2dc0-43f2-a34f-785fd7fbed03'}",1032206,RCIF,A,Retail,08/12/1943,"[{email_type: 'work', email_address: '1032206@gmail.com', email_status: 'valid'}, {email_type: 'Home', email_address: '1032206@gmail.com', email_status: 'DND'}]",Miles,Miles John 32206,M,032206,TIN,32206,2017-09-21 19:01:39.973+0000,Java Test,John,"[{phone_type: 'work', phone_number: '1032206w'}, {phone_type: 'home', phone_number: '1032206h'}, {phone_type: 'cell', phone_number: '1032206c'}]",Mr,,,IL,61704,61704-1234
1029735,Line1-1029735,,Residence,true,Duluth,00,Java Test,2017-09-21 19:01:39.973+0000,"{'52ac4521-245a-4bd6-befd-2f60602c7b4d', 'ae5b87c9-b7ac-40da-8580-9338adfc8e3c', 'b50680f3-570d-4c4f-a695-b06ba1649a3b'}",1029735,RCIF,A,Retail,12/13/1954,"[{email_type: 'work', email_address: '1029735@gmail.com', email_status: 'valid'}, {email_type: 'Home', email_address: '1029735@gmail.com', email_status: 'DND'}]",Julia,Julia Elizabeth 29735,F,029735,TIN,29735,2017-09-21 19:01:39.973+0000,Java Test,Elizabeth,"[{phone_type: 'work', phone_number: '1029735w'}, {phone_type: 'home', phone_number: '1029735h'}, {phone_type: 'cell', phone_number: '1029735c'}]",Ms,,,MN,55802,55802-1234
1020641,Line1-1020641,,Residence,true,Minneapolis,00,Java Test,2017-09-21 19:01:39.973+0000,"{'258f5179-8142-48a9-a8fe-fe07a0ce1bdb', '468a0108-9ddf-4a63-be77-7917b4f464de', '643f9c4e-556e-4e99-910b-cbf0d10112f5', 'ebd7f8c8-cd1a-4e9e-8b85-9418cbe444bd'}",1020641,RCIF,A,Retail,07/14/1984,"[{email_type: 'work', email_address: '1020641@gmail.com', email_status: 'valid'}, {email_type: 'Home', email_address: '1020641@gmail.com', email_status: 'DND'}]",Catherine,Catherine Ann 20641,F,020641,TIN,20641,2017-09-21 19:01:39.973+0000,Java Test,Ann,"[{phone_type: 'work', phone_number: '1020641w'}, {phone_type: 'home', phone_number: '1020641h'}, {phone_type: 'cell', phone_number: '1020641c'}]",Ms,,,MN,55401,55401-1234
1001010,Line1-1001010,,Residence,true,Chicago,00,Java Test,2017-09-21 19:01:39.973+0000,"{'3f7552f2-6686-45df-9379-e9723451cae5', '936c47ae-ee7c-4fd9-8dbd-005297459989', 'b4d0028c-1943-4425-964d-d31fb93ed2cf'}",1001010,RCIF,A,Retail,08/19/1964,"[{email_type: 'work', email_address: '1001010@gmail.com', email_status: 'valid'}, {email_type: 'Home', email_address: '1001010@gmail.com', email_status: 'DND'}]",Jason,Jason Paul 01010,M,001010,TIN,01010,2017-09-21 19:01:39.973+0000,Java Test,Paul,"[{phone_type: 'work', phone_number: '1001010w'}, {phone_type: 'home', phone_number: '1001010h'}, {phone_type: 'cell', phone_number: '1001010c'}]",Mr,,,IL,60601,60601-1234
1078859,Line1-1078859,Apt 1078859,Apartment,false,Champaign,00,Java Test,2017-09-21 19:01:39.973+0000,"{'6f9f6311-bd0b-4c3f-ab7c-ebb7ab00b9b8', '955f4702-c322-4e8c-bb9b-497d0a57b32f', 'b8f1e329-4efc-48a6-a48f-64c2642556d9'}",1078859,RCIF,A,Retail,07/12/1944,"[{email_type: 'work', email_address: '1078859@gmail.com', email_status: 'valid'}, {email_type: 'Home', email_address: '1078859@gmail.com', email_status: 'DND'}]",Angela,Angela Eliza 78859,F,078859,TIN,78859,2017-09-21 19:01:39.973+0000,Java Test,Eliza,"[{phone_type: 'work', phone_number: '1078859w'}, {phone_type: 'home', phone_number: '1078859h'}, {phone_type: 'cell', phone_number: '1078859c'}]",Ms,,,IL,16821,16821-1234
1038238,Line1-1038238,Apt 1038238,Apartment,false,Rockford,00,Java Test,2017-09-21 19:01:39.973+0000,"{'2c1f7d0a-ae93-4142-aece-65b26b2371ba', '7997ebb4-15e8-4896-ac08-ec20c3e037cf', 'd2e467c4-0693-4ce2-ab70-18b264d608b6'}",1038238,RCIF,A,Retail,02/01/1994,"[{email_type: 'work', email_address: '1038238@gmail.com', email_status: 'valid'}, {email_type: 'Home', email_address: '1038238@gmail.com', email_status: 'DND'}]",Igor,Igor Golov 38238,M,038238,TIN,38238,2017-09-21 19:01:39.973+0000,Java Test,Golov,"[{phone_type: 'work', phone_number: '1038238w'}, {phone_type: 'home', phone_number: '1038238h'}, {phone_type: 'cell', phone_number: '1038238c'}]",Mr,,,MN,61101,61101-1234
1011579,Line1-1011579,Apt 1011579,Apartment,false,Champaign,00,Java Test,2017-09-21 19:01:39.973+0000,"{'27af4659-5e99-4ec4-8b2b-adfd6a2378b3', '363db1d4-7edb-4f37-87c4-9b0c3428f06a', 'a4f6f49a-699c-4272-837b-8cedce49c0d3', 'ffa98570-5757-416e-a8a6-790c853aab1b'}",1011579,RCIF,A,Retail,07/12/1944,"[{email_type: 'work', email_address: '1011579@gmail.com', email_status: 'valid'}, {email_type: 'Home', email_address: '1011579@gmail.com', email_status: 'DND'}]",Angela,Angela Eliza 11579,F,011579,TIN,11579,2017-09-21 19:01:39.973+0000,Java Test,Eliza,"[{phone_type: 'work', phone_number: '1011579w'}, {phone_type: 'home', phone_number: '1011579h'}, {phone_type: 'cell', phone_number: '1011579c'}]",Ms,,,IL,16821,16821-1234
1034466,Line1-1034466,,Residence,true,Bloomington,00,Java Test,2017-09-21 19:01:39.973+0000,"{'3f0f1055-a6e0-4d36-a657-6fb3ed87036d', '5737d682-7903-4c1c-9af2-07faea550281', 'b2c7a4fc-dd60-4734-a3c0-cdc80f77c91b'}",1034466,RCIF,A,Retail,08/12/1943,"[{email_type: 'work', email_address: '1034466@gmail.com', email_status: 'valid'}, {email_type: 'Home', email_address: '1034466@gmail.com', email_status: 'DND'}]",Miles,Miles John 34466,M,034466,TIN,34466,2017-09-21 19:01:39.973+0000,Java Test,John,"[{phone_type: 'work', phone_number: '1034466w'}, {phone_type: 'home', phone_number: '1034466h'}, {phone_type: 'cell', phone_number: '1034466c'}]",Mr,,,IL,61704,61704-1234
1053097,Line1-1053097,,Residence,true,Bloomington,00,Java Test,2017-09-21 19:01:39.973+0000,"{'0f9509a2-948c-4173-894a-fc7629da0233', '5f7c24ee-0779-4969-b934-38a8c9976cba', 'fefe5ffe-62cb-445a-870a-b57092d7f984'}",1053097,RCIF,A,Retail,11/29/1964,"[{email_type: 'work', email_address: '1053097@gmail.com', email_status: 'valid'}, {email_type: 'Home', email_address: '1053097@gmail.com', email_status: 'DND'}]",Luis,Luis Javier 53097,M,053097,TIN,53097,2017-09-21 19:01:39.973+0000,Java Test,Javier,"[{phone_type: 'work', phone_number: '1053097w'}, {phone_type: 'home', phone_number: '1053097h'}, {phone_type: 'cell', phone_number: '1053097c'}]",Mr,,,MN,55435,55435-1234
1057298,Line1-1057298,Apt 1057298,Apartment,false,Rockford,00,Java Test,2017-09-21 19:01:39.973+0000,"{'4e096c5b-27eb-48af-86f7-c1e58c287ad0', '737cdf9a-b437-4fcd-89cf-b8fcad009bf4', 'dadd9149-c88d-44b9-98eb-f48994a56943'}",1057298,RCIF,A,Retail,02/01/1994,"[{email_type: 'work', email_address: '1057298@gmail.com', email_status: 'valid'}, {email_type: 'Home', email_address: '1057298@gmail.com', email_status: 'DND'}]",Igor,Igor Golov 57298,M,057298,TIN,57298,2017-09-21 19:01:39.973+0000,Java Test,Golov,"[{phone_type: 'work', phone_number: '1057298w'}, {phone_type: 'home', phone_number: '1057298h'}, {phone_type: 'cell', phone_number: '1057298c'}]",Mr,,,MN,61101,61101-1234
1090703,Line1-1090703,,Mobile,false,Plymouth,00,Java Test,2017-09-21 19:01:39.973+0000,"{'4acd9029-0988-4369-aea1-338558d37db7', '87791105-0fb6-438b-aab4-8cdbf719ca21', 'c2b5712d-904f-4edb-b043-2821a479f068'}",1090703,RCIF,A,Retail,06/10/1951,"[{email_type: 'work', email_address: '1090703@gmail.com', email_status: 'valid'}, {email_type: 'Home', email_address: '1090703@gmail.com', email_status: 'DND'}]",Marcus,Marcus Joseph 90703,M,090703,TIN,90703,2017-09-21 19:01:39.973+0000,Java Test,Joseph,"[{phone_type: 'work', phone_number: '1090703w'}, {phone_type: 'home', phone_number: '1090703h'}, {phone_type: 'cell', phone_number: '1090703c'}]",Mr,,,MN,55441,55441-1234
1095717,Line1-1095717,,Residence,true,Bloomington,00,Java Test,2017-09-21 19:01:39.973+0000,"{'0539306e-f5f1-40e8-b0f9-374d9d8520e2', '1514cf9c-13e1-4c57-9839-af9943efe006', 'a09c597c-e19e-44e5-a9e5-5254745dc136'}",1095717,RCIF,A,Retail,11/29/1964,"[{email_type: 'work', email_address: '1095717@gmail.com', email_status: 'valid'}, {email_type: 'Home', email_address: '1095717@gmail.com', email_status: 'DND'}]",Luis,Luis Javier 95717,M,095717,TIN,95717,2017-09-21 19:01:39.973+0000,Java Test,Javier,"[{phone_type: 'work', phone_number: '1095717w'}, {phone_type: 'home', phone_number: '1095717h'}, {phone_type: 'cell', phone_number: '1095717c'}]",Mr,,,MN,55435,55435-1234
1055286,Line1-1055286,,Residence,true,Bloomington,00,Java Test,2017-09-21 19:01:39.973+0000,"{'37d34397-ad9e-431d-9ffd-06d795d5e7ec', '4201a029-70af-4b62-bba1-ffcfb1c1ad98', '719b3f6f-a00b-469d-b401-a4f695d76ea8'}",1055286,RCIF,A,Retail,08/12/1943,"[{email_type: 'work', email_address: '1055286@gmail.com', email_status: 'valid'}, {email_type: 'Home', email_address: '1055286@gmail.com', email_status: 'DND'}]",Miles,Miles John 55286,M,055286,TIN,55286,2017-09-21 19:01:39.973+0000,Java Test,John,"[{phone_type: 'work', phone_number: '1055286w'}, {phone_type: 'home', phone_number: '1055286h'}, {phone_type: 'cell', phone_number: '1055286c'}]",Mr,,,IL,61704,61704-1234
1092733,Line1-1092733,,Mobile,false,Plymouth,00,Java Test,2017-09-21 19:01:39.973+0000,"{'69f13d09-e454-45c5-b8bd-0d447f7c09df', '808d4664-77a0-43c1-ba8b-13f5c2e48da3', 'df3ed4fb-0a26-4250-a95a-2a6638018e38'}",1092733,RCIF,A,Retail,06/10/1951,"[{email_type: 'work', email_address: '1092733@gmail.com', email_status: 'valid'}, {email_type: 'Home', email_address: '1092733@gmail.com', email_status: 'DND'}]",Marcus,Marcus Joseph 92733,M,092733,TIN,92733,2017-09-21 19:01:39.973+0000,Java Test,Joseph,"[{phone_type: 'work', phone_number: '1092733w'}, {phone_type: 'home', phone_number: '1092733h'}, {phone_type: 'cell', phone_number: '1092733c'}]",Mr,,,MN,55441,55441-1234
1009011,Line1-1009011,,Residence,true,Minneapolis,00,Java Test,2017-09-21 19:01:39.973+0000,"{'32dcb188-129e-423d-8276-b6296550d99f', '699fd59d-5a9f-443b-819e-0b0d1b3a4e01', 'b40c2b2e-9831-4a15-9484-c5aa9b6627c4'}",1009011,RCIF,A,Retail,07/14/1984,"[{email_type: 'work', email_address: '1009011@gmail.com', email_status: 'valid'}, {email_type: 'Home', email_address: '1009011@gmail.com', email_status: 'DND'}]",Catherine,Catherine Ann 09011,F,009011,TIN,09011,2017-09-21 19:01:39.973+0000,Java Test,Ann,"[{phone_type: 'work', phone_number: '1009011w'}, {phone_type: 'home', phone_number: '1009011h'}, {phone_type: 'cell', phone_number: '1009011c'}]",Ms,,,MN,55401,55401-1234
1074746,Line1-1074746,,Residence,true,Bloomington,00,Java Test,2017-09-21 19:01:39.973+0000,"{'00a10709-ab7c-4e87-9cd0-6e7a739198db', '02f94357-82b4-4e05-9ebb-b1cc8193c663', '47568839-517e-45bc-badb-281b03ff446c'}",1074746,RCIF,A,Retail,08/12/1943,"[{email_type: 'work', email_address: '1074746@gmail.com', email_status: 'valid'}, {email_type: 'Home', email_address: '1074746@gmail.com', email_status: 'DND'}]",Miles,Miles John 74746,M,074746,TIN,74746,2017-09-21 19:01:39.973+0000,Java Test,John,"[{phone_type: 'work', phone_number: '1074746w'}, {phone_type: 'home', phone_number: '1074746h'}, {phone_type: 'cell', phone_number: '1074746c'}]",Mr,,,IL,61704,61704-1234
1066404,Line1-1066404,,Residence,true,Edina,00,Java Test,2017-09-21 19:01:39.973+0000,"{'41ff0b0b-2b32-4a33-aad3-620541995fec', '74619fce-5329-44fa-84ec-c8ca726d31dc', '9e6a975e-1e3c-41dc-b83f-bb254fa17ec3'}",1066404,RCIF,A,Retail,11/22/1995,"[{email_type: 'work', email_address: '1066404@gmail.com', email_status: 'valid'}, {email_type: 'Home', email_address: '1066404@gmail.com', email_status: 'DND'}]",Louisa,Louisa Amy 66404,F,066404,TIN,66404,2017-09-21 19:01:39.973+0000,Java Test,Amy,"[{phone_type: 'work', phone_number: '1066404w'}, {phone_type: 'home', phone_number: '1066404h'}, {phone_type: 'cell', phone_number: '1066404c'}]",Ms,,,MN,55435,55435-1234
1051886,Line1-1051886,,Residence,true,Bloomington,00,Java Test,2017-09-21 19:01:39.973+0000,"{'3d805798-6fdc-4edf-9d15-9c5ded79435f', '80f1c437-9424-4c0e-ae15-6b3d02ea6a25', '8dc79e13-45ac-4bb4-a628-35388a4ccae9'}",1051886,RCIF,A,Retail,08/12/1943,"[{email_type: 'work', email_address: '1051886@gmail.com', email_status: 'valid'}, {email_type: 'Home', email_address: '1051886@gmail.com', email_status: 'DND'}]",Miles,Miles John 51886,M,051886,TIN,51886,2017-09-21 19:01:39.973+0000,Java Test,John,"[{phone_type: 'work', phone_number: '1051886w'}, {phone_type: 'home', phone_number: '1051886h'}, {phone_type: 'cell', phone_number: '1051886c'}]",Mr,,,IL,61704,61704-1234
1015236,Line1-1015236,,Residence,true,Bloomington,00,Java Test,2017-09-21 19:01:39.973+0000,"{'21502de1-06c6-4602-b7fa-5f03ba293cdd', '3d0739a4-46e4-4fdb-8a2e-39719abe01ec', 'bb235f18-9411-4ad7-8758-2725f8bc4e6b'}",1015236,RCIF,A,Retail,08/12/1943,"[{email_type: 'work', email_address: '1015236@gmail.com', email_status: 'valid'}, {email_type: 'Home', email_address: '1015236@gmail.com', email_status: 'DND'}]",Miles,Miles John 15236,M,015236,TIN,15236,2017-09-21 19:01:39.973+0000,Java Test,John,"[{phone_type: 'work', phone_number: '1015236w'}, {phone_type: 'home', phone_number: '1015236h'}, {phone_type: 'cell', phone_number: '1015236c'}]",Mr,,,IL,61704,61704-1234
1006530,Line1-1006530,,Residence,true,Chicago,00,Java Test,2017-09-21 19:01:39.973+0000,"{'063235ea-da24-4366-bc27-6db8e39b967b', '40dff8c4-6804-48ff-9e30-99741ecd1779', '63039e9c-2181-4c26-a1f9-93fdaf13da2d'}",1006530,RCIF,A,Retail,08/19/1964,"[{email_type: 'work', email_address: '1006530@gmail.com', email_status: 'valid'}, {email_type: 'Home', email_address: '1006530@gmail.com', email_status: 'DND'}]",Jason,Jason Paul 06530,M,006530,TIN,06530,2017-09-21 19:01:39.973+0000,Java Test,Paul,"[{phone_type: 'work', phone_number: '1006530w'}, {phone_type: 'home', phone_number: '1006530h'}, {phone_type: 'cell', phone_number: '1006530c'}]",Mr,,,IL,60601,60601-1234
1024457,Line1-1024457,,Residence,true,Bloomington,00,Java Test,2017-09-21 19:01:39.973+0000,"{'036ce535-50ac-4d1d-ab4f-5a1a04c7711c', 'd240992d-c1af-4c33-88f7-f3ef9a276256', 'fae33dcb-5906-4935-a5a0-24d05e668b6f'}",1024457,RCIF,A,Retail,11/29/1964,"[{email_type: 'work', email_address: '1024457@gmail.com', email_status: 'valid'}, {email_type: 'Home', email_address: '1024457@gmail.com', email_status: 'DND'}]",Luis,Luis Javier 24457,M,024457,TIN,24457,2017-09-21 19:01:39.973+0000,Java Test,Javier,"[{phone_type: 'work', phone_number: '1024457w'}, {phone_type: 'home', phone_number: '1024457h'}, {phone_type: 'cell', phone_number: '1024457c'}]",Mr,,,MN,55435,55435-1234
1032187,Line1-1032187,,Residence,true,Bloomington,00,Java Test,2017-09-21 19:01:39.973+0000,"{'308838cf-85ae-4df3-83a3-125f36439c4b', 'b8674dbb-a9fd-45fa-a928-33bff48187ec', 'f209ade4-1fd3-4d9b-8bd7-c90cc5aedac2'}",1032187,RCIF,A,Retail,11/29/1964,"[{email_type: 'work', email_address: '1032187@gmail.com', email_status: 'valid'}, {email_type: 'Home', email_address: '1032187@gmail.com', email_status: 'DND'}]",Luis,Luis Javier 32187,M,032187,TIN,32187,2017-09-21 19:01:39.973+0000,Java Test,Javier,"[{phone_type: 'work', phone_number: '1032187w'}, {phone_type: 'home', phone_number: '1032187h'}, {phone_type: 'cell', phone_number: '1032187c'}]",Mr,,,MN,55435,55435-1234
1023554,Line1-1023554,,Residence,true,Edina,00,Java Test,2017-09-21 19:01:39.973+0000,"{'6ce5a6c7-d3ff-4d62-a81a-10ed2ae7eb86', 'bc9f3da9-df01-4320-9123-cbe96c7440e7', 'cce745e6-8bde-4ff8-8f0d-5f3bc3f3d822'}",1023554,RCIF,A,Retail,11/22/1995,"[{email_type: 'work', email_address: '1023554@gmail.com', email_status: 'valid'}, {email_type: 'Home', email_address: '1023554@gmail.com', email_status: 'DND'}]",Louisa,Louisa Amy 23554,F,023554,TIN,23554,2017-09-21 19:01:39.973+0000,Java Test,Amy,"[{phone_type: 'work', phone_number: '1023554w'}, {phone_type: 'home', phone_number: '1023554h'}, {phone_type: 'cell', phone_number: '1023554c'}]",Ms,,,MN,55435,55435-1234
1084145,Line1-1084145,,Residence,true,Duluth,00,Java Test,2017-09-21 19:01:39.973+0000,"{'52c04aff-43cc-4087-8569-f9c36b9939e4', 'be1b9a5e-1b5d-4bc8-9477-d12a15f6e198', 'bf10ee60-a21f-4236-b3fe-17c49b5ee5bb'}",1084145,RCIF,A,Retail,12/13/1954,"[{email_type: 'work', email_address: '1084145@gmail.com', email_status: 'valid'}, {email_type: 'Home', email_address: '1084145@gmail.com', email_status: 'DND'}]",Julia,Julia Elizabeth 84145,F,084145,TIN,84145,2017-09-21 19:01:39.973+0000,Java Test,Elizabeth,"[{phone_type: 'work', phone_number: '1084145w'}, {phone_type: 'home', phone_number: '1084145h'}, {phone_type: 'cell', phone_number: '1084145c'}]",Ms,,,MN,55802,55802-1234
1059641,Line1-1059641,,Residence,true,Minneapolis,00,Java Test,2017-09-21 19:01:39.973+0000,"{'7c6c7432-4a68-4586-95f5-7c44a65c7ff5', 'a3eee227-2a5b-4b35-895d-71948ffb37da', 'b121e51a-b66e-4ee5-9269-ff25053fb78d'}",1059641,RCIF,A,Retail,07/14/1984,"[{email_type: 'work', email_address: '1059641@gmail.com', email_status: 'valid'}, {email_type: 'Home', email_address: '1059641@gmail.com', email_status: 'DND'}]",Catherine,Catherine Ann 59641,F,059641,TIN,59641,2017-09-21 19:01:39.973+0000,Java Test,Ann,"[{phone_type: 'work', phone_number: '1059641w'}, {phone_type: 'home', phone_number: '1059641h'}, {phone_type: 'cell', phone_number: '1059641c'}]",Ms,,,MN,55401,55401-1234
1067835,Line1-1067835,,Residence,true,Duluth,00,Java Test,2017-09-21 19:01:39.973+0000,"{'0b47f107-da63-44ad-a407-568a90f796ba', '9417d318-88b5-4869-b046-ff182b34e530', 'f43ddb4e-9a95-4c3f-a617-0759498c6c8c'}",1067835,RCIF,A,Retail,12/13/1954,"[{email_type: 'work', email_address: '1067835@gmail.com', email_status: 'valid'}, {email_type: 'Home', email_address: '1067835@gmail.com', email_status: 'DND'}]",Julia,Julia Elizabeth 67835,F,067835,TIN,67835,2017-09-21 19:01:39.973+0000,Java Test,Elizabeth,"[{phone_type: 'work', phone_number: '1067835w'}, {phone_type: 'home', phone_number: '1067835h'}, {phone_type: 'cell', phone_number: '1067835c'}]",Ms,,,MN,55802,55802-1234
1075525,Line1-1075525,,Residence,true,Duluth,00,Java Test,2017-09-21 19:01:39.973+0000,"{'02e2b0a2-88ba-4b1a-bb84-9c3d5404b18c', 'f034670c-1c51-42a0-95dc-0ce45094e95c', 'f41c0e75-59e7-4cd8-a006-cf50ef02cdae', 'f8e13c1b-b0da-477d-bc85-4e00569e1c1d'}",1075525,RCIF,A,Retail,12/13/1954,"[{email_type: 'work', email_address: '1075525@gmail.com', email_status: 'valid'}, {email_type: 'Home', email_address: '1075525@gmail.com', email_status: 'DND'}]",Julia,Julia Elizabeth 75525,F,075525,TIN,75525,2017-09-21 19:01:39.973+0000,Java Test,Elizabeth,"[{phone_type: 'work', phone_number: '1075525w'}, {phone_type: 'home', phone_number: '1075525h'}, {phone_type: 'cell', phone_number: '1075525c'}]",Ms,,,MN,55802,55802-1234
1081820,Line1-1081820,,Residence,true,Chicago,00,Java Test,2017-09-21 19:01:39.973+0000,"{'192e5aad-fcfc-4b66-9725-84511f95235b', 'c47fcf70-5f01-4e62-81b1-5ec3ccbf4194', 'd2952976-e12b-4800-a317-b4f95a3aaa81'}",1081820,RCIF,A,Retail,08/19/1964,"[{email_type: 'work', email_address: '1081820@gmail.com', email_status: 'valid'}, {email_type: 'Home', email_address: '1081820@gmail.com', email_status: 'DND'}]",Jason,Jason Paul 81820,M,081820,TIN,81820,2017-09-21 19:01:39.973+0000,Java Test,Paul,"[{phone_type: 'work', phone_number: '1081820w'}, {phone_type: 'home', phone_number: '1081820h'}, {phone_type: 'cell', phone_number: '1081820c'}]",Mr,,,IL,60601,60601-1234
1044510,Line1-1044510,,Residence,true,Chicago,00,Java Test,2017-09-21 19:01:39.973+0000,"{'09263ce6-0094-4ab4-8e0b-37821959e5ec', '5fe39c37-df64-449e-9abb-2d51491252ed', 'b2e92477-0a88-46d3-a5fe-856eb922ef78', 'f01f5a31-a849-4957-9c04-43416c874280'}",1044510,RCIF,A,Retail,08/19/1964,"[{email_type: 'work', email_address: '1044510@gmail.com', email_status: 'valid'}, {email_type: 'Home', email_address: '1044510@gmail.com', email_status: 'DND'}]",Jason,Jason Paul 44510,M,044510,TIN,44510,2017-09-21 19:01:39.973+0000,Java Test,Paul,"[{phone_type: 'work', phone_number: '1044510w'}, {phone_type: 'home', phone_number: '1044510h'}, {phone_type: 'cell', phone_number: '1044510c'}]",Mr,,,IL,60601,60601-1234
1087268,Line1-1087268,Apt 1087268,Apartment,false,Rockford,00,Java Test,2017-09-21 19:01:39.973+0000,"{'4526ebce-682d-4459-ae18-04922dc97d95', '4ab52267-7870-4715-bf84-d56b51495fd0', 'e126bde9-64b6-4cb4-9597-87ec3ab3a683'}",1087268,RCIF,A,Retail,02/01/1994,"[{email_type: 'work', email_address: '1087268@gmail.com', email_status: 'valid'}, {email_type: 'Home', email_address: '1087268@gmail.com', email_status: 'DND'}]",Igor,Igor Golov 87268,M,087268,TIN,87268,2017-09-21 19:01:39.973+0000,Java Test,Golov,"[{phone_type: 'work', phone_number: '1087268w'}, {phone_type: 'home', phone_number: '1087268h'}, {phone_type: 'cell', phone_number: '1087268c'}]",Mr,,,MN,61101,61101-1234
1087987,Line1-1087987,,Residence,true,Bloomington,00,Java Test,2017-09-21 19:01:39.973+0000,"{'614ad228-d01f-4c99-9a0d-98df4540805a', 'b22b59ac-8333-4f22-aaca-87468a3491c2', 'bb37251c-2024-4237-a572-0b10c74a769f'}",1087987,RCIF,A,Retail,11/29/1964,"[{email_type: 'work', email_address: '1087987@gmail.com', email_status: 'valid'}, {email_type: 'Home', email_address: '1087987@gmail.com', email_status: 'DND'}]",Luis,Luis Javier 87987,M,087987,TIN,87987,2017-09-21 19:01:39.973+0000,Java Test,Javier,"[{phone_type: 'work', phone_number: '1087987w'}, {phone_type: 'home', phone_number: '1087987h'}, {phone_type: 'cell', phone_number: '1087987c'}]",Mr,,,MN,55435,55435-1234
1029400,Line1-1029400,,Residence,true,Chicago,00,Java Test,2017-09-21 19:01:39.973+0000,"{'0bcd5ba0-539a-461d-9114-4631b16b1093', '1be27665-c042-471f-b3cf-3b53ba3fab88', 'd2ca63cc-631c-48d9-a274-b34b74b2f1ae'}",1029400,RCIF,A,Retail,08/19/1964,"[{email_type: 'work', email_address: '1029400@gmail.com', email_status: 'valid'}, {email_type: 'Home', email_address: '1029400@gmail.com', email_status: 'DND'}]",Jason,Jason Paul 29400,M,029400,TIN,29400,2017-09-21 19:01:39.973+0000,Java Test,Paul,"[{phone_type: 'work', phone_number: '1029400w'}, {phone_type: 'home', phone_number: '1029400h'}, {phone_type: 'cell', phone_number: '1029400c'}]",Mr,,,IL,60601,60601-1234
1051082,Line1-1051082,,Residence,true,St. Paul,00,Java Test,2017-09-21 19:01:39.973+0000,"{'2db43411-64cc-4d1f-9d86-606dd7f4f38e', '4b14bc25-e517-48f1-8284-78e9df736d40', 'a18ccd19-0396-4b2c-9d08-7af90d471988', 'e2a4dcfc-2748-4ae0-b967-793e34b48df3'}",1051082,RCIF,A,Retail,01/20/2000,"[{email_type: 'work', email_address: '1051082@gmail.com', email_status: 'valid'}, {email_type: 'Home', email_address: '1051082@gmail.com', email_status: 'DND'}]",Esmeralda,Esmeralda Mary 51082,F,051082,TIN,51082,2017-09-21 19:01:39.973+0000,Java Test,Mary,"[{phone_type: 'work', phone_number: '1051082w'}, {phone_type: 'home', phone_number: '1051082h'}, {phone_type: 'cell', phone_number: '1051082c'}]",Ms,,,MN,55101,55101-1234
1058072,Line1-1058072,,Residence,true,St. Paul,00,Java Test,2017-09-21 19:01:39.973+0000,"{'3e57140f-deee-46bf-b16f-4b7cb9168060', 'd4c076fd-3690-404c-b075-0b4df70e875e', 'e962c1ea-be18-4252-9116-58ea3bce5867'}",1058072,RCIF,A,Retail,01/20/2000,"[{email_type: 'work', email_address: '1058072@gmail.com', email_status: 'valid'}, {email_type: 'Home', email_address: '1058072@gmail.com', email_status: 'DND'}]",Esmeralda,Esmeralda Mary 58072,F,058072,TIN,58072,2017-09-21 19:01:39.973+0000,Java Test,Mary,"[{phone_type: 'work', phone_number: '1058072w'}, {phone_type: 'home', phone_number: '1058072h'}, {phone_type: 'cell', phone_number: '1058072c'}]",Ms,,,MN,55101,55101-1234
1044866,Line1-1044866,,Residence,true,Bloomington,00,Java Test,2017-09-21 19:01:39.973+0000,"{'539f4c95-05ce-4b16-b20b-38e32e958ee9', 'e1fe6850-355d-46cc-90ff-f0b946aadac0', 'f8422ff0-c431-4dad-9a0b-7c263cf88151'}",1044866,RCIF,A,Retail,08/12/1943,"[{email_type: 'work', email_address: '1044866@gmail.com', email_status: 'valid'}, {email_type: 'Home', email_address: '1044866@gmail.com', email_status: 'DND'}]",Miles,Miles John 44866,M,044866,TIN,44866,2017-09-21 19:01:39.973+0000,Java Test,John,"[{phone_type: 'work', phone_number: '1044866w'}, {phone_type: 'home', phone_number: '1044866h'}, {phone_type: 'cell', phone_number: '1044866c'}]",Mr,,,IL,61704,61704-1234
1073499,Line1-1073499,Apt 1073499,Apartment,false,Champaign,00,Java Test,2017-09-21 19:01:39.973+0000,"{'9ef2d8aa-6ca2-4c3a-96db-eccd0c283fd2', 'b3107611-b574-49f2-b480-54d28b99a173', 'd6eb8757-31ae-4253-8417-d5c8f3792661', 'eb14d72d-c1ea-429f-974b-afc10292e021'}",1073499,RCIF,A,Retail,07/12/1944,"[{email_type: 'work', email_address: '1073499@gmail.com', email_status: 'valid'}, {email_type: 'Home', email_address: '1073499@gmail.com', email_status: 'DND'}]",Angela,Angela Eliza 73499,F,073499,TIN,73499,2017-09-21 19:01:39.973+0000,Java Test,Eliza,"[{phone_type: 'work', phone_number: '1073499w'}, {phone_type: 'home', phone_number: '1073499h'}, {phone_type: 'cell', phone_number: '1073499c'}]",Ms,,,IL,16821,16821-1234
1046243,Line1-1046243,,Mobile,false,Plymouth,00,Java Test,2017-09-21 19:01:39.973+0000,"{'760fe7e8-434b-4997-956b-9d1b4640c661', '98b52043-c28a-4c9f-8d28-56c23229b1b2', 'ed45e13d-099d-4104-8f4c-be6e27939ca2'}",1046243,RCIF,A,Retail,06/10/1951,"[{email_type: 'work', email_address: '1046243@gmail.com', email_status: 'valid'}, {email_type: 'Home', email_address: '1046243@gmail.com', email_status: 'DND'}]",Marcus,Marcus Joseph 46243,M,046243,TIN,46243,2017-09-21 19:01:39.973+0000,Java Test,Joseph,"[{phone_type: 'work', phone_number: '1046243w'}, {phone_type: 'home', phone_number: '1046243h'}, {phone_type: 'cell', phone_number: '1046243c'}]",Mr,,,MN,55441,55441-1234
1045324,Line1-1045324,,Residence,true,Edina,00,Java Test,2017-09-21 19:01:39.973+0000,"{'5e52da40-1a87-47a9-8f2e-46bfc32d3da8', '94f94965-229b-48a5-9323-5b4f3661a055', 'eeaec8ca-675b-4e0e-9513-1879eedb3ec6'}",1045324,RCIF,A,Retail,11/22/1995,"[{email_type: 'work', email_address: '1045324@gmail.com', email_status: 'valid'}, {email_type: 'Home', email_address: '1045324@gmail.com', email_status: 'DND'}]",Louisa,Louisa Amy 45324,F,045324,TIN,45324,2017-09-21 19:01:39.973+0000,Java Test,Amy,"[{phone_type: 'work', phone_number: '1045324w'}, {phone_type: 'home', phone_number: '1045324h'}, {phone_type: 'cell', phone_number: '1045324c'}]",Ms,,,MN,55435,55435-1234
1010128,Line1-1010128,Apt 1010128,Apartment,false,Rockford,00,Java Test,2017-09-21 19:01:39.973+0000,"{'710826dc-ee38-45c8-bd5b-70a16daf9de2', 'b8b80f82-e8f9-448f-8022-ff50c5ae5695', 'd8c9b6b3-d37c-4109-9ab6-2e2aac8540d6'}",1010128,RCIF,A,Retail,02/01/1994,"[{email_type: 'work', email_address: '1010128@gmail.com', email_status: 'valid'}, {email_type: 'Home', email_address: '1010128@gmail.com', email_status: 'DND'}]",Igor,Igor Golov 10128,M,010128,TIN,10128,2017-09-21 19:01:39.973+0000,Java Test,Golov,"[{phone_type: 'work', phone_number: '1010128w'}, {phone_type: 'home', phone_number: '1010128h'}, {phone_type: 'cell', phone_number: '1010128c'}]",Mr,,,MN,61101,61101-1234
1086787,Line1-1086787,,Residence,true,Bloomington,00,Java Test,2017-09-21 19:01:39.973+0000,"{'0ff67bb4-7811-49e2-a877-fdba9171f289', 'e7e77e45-9d44-4816-9ad9-556fa8c13d1c', 'f430bf18-3d6a-40c0-84ca-252a5948a666'}",1086787,RCIF,A,Retail,11/29/1964,"[{email_type: 'work', email_address: '1086787@gmail.com', email_status: 'valid'}, {email_type: 'Home', email_address: '1086787@gmail.com', email_status: 'DND'}]",Luis,Luis Javier 86787,M,086787,TIN,86787,2017-09-21 19:01:39.973+0000,Java Test,Javier,"[{phone_type: 'work', phone_number: '1086787w'}, {phone_type: 'home', phone_number: '1086787h'}, {phone_type: 'cell', phone_number: '1086787c'}]",Mr,,,MN,55435,55435-1234
1045866,Line1-1045866,,Residence,true,Bloomington,00,Java Test,2017-09-21 19:01:39.973+0000,"{'1bad7b80-d88d-49db-817a-6ccf804c688f', '51e8f106-e715-4c4c-aa0a-d84c5d92b909', '5baa3278-6a03-4138-80b3-246b1626f321', 'dec2c406-f788-482e-8640-545503cbe6cb'}",1045866,RCIF,A,Retail,08/12/1943,"[{email_type: 'work', email_address: '1045866@gmail.com', email_status: 'valid'}, {email_type: 'Home', email_address: '1045866@gmail.com', email_status: 'DND'}]",Miles,Miles John 45866,M,045866,TIN,45866,2017-09-21 19:01:39.973+0000,Java Test,John,"[{phone_type: 'work', phone_number: '1045866w'}, {phone_type: 'home', phone_number: '1045866h'}, {phone_type: 'cell', phone_number: '1045866c'}]",Mr,,,IL,61704,61704-1234
1074149,Line1-1074149,Apt 1074149,Apartment,false,Champaign,00,Java Test,2017-09-21 19:01:39.973+0000,"{'01bde92a-cfe7-450e-88b3-24e6743fb14e', 'aac575f5-affc-4f6a-ac27-33f2c18aebb8', 'c9632a98-54c2-4ae7-ad5d-0e8144a254dd'}",1074149,RCIF,A,Retail,07/12/1944,"[{email_type: 'work', email_address: '1074149@gmail.com', email_status: 'valid'}, {email_type: 'Home', email_address: '1074149@gmail.com', email_status: 'DND'}]",Angela,Angela Eliza 74149,F,074149,TIN,74149,2017-09-21 19:01:39.973+0000,Java Test,Eliza,"[{phone_type: 'work', phone_number: '1074149w'}, {phone_type: 'home', phone_number: '1074149h'}, {phone_type: 'cell', phone_number: '1074149c'}]",Ms,,,IL,16821,16821-1234
1090578,Line1-1090578,Apt 1090578,Apartment,false,Rockford,00,Java Test,2017-09-21 19:01:39.973+0000,"{'6582146c-0577-4f7f-a64b-a730a5377e06', 'b1ec34f9-3e53-4f37-955b-bde853a84e4d', 'fbf45473-4733-4c2f-ab20-bc85746a6cf7'}",1090578,RCIF,A,Retail,02/01/1994,"[{email_type: 'work', email_address: '1090578@gmail.com', email_status: 'valid'}, {email_type: 'Home', email_address: '1090578@gmail.com', email_status: 'DND'}]",Igor,Igor Golov 90578,M,090578,TIN,90578,2017-09-21 19:01:39.973+0000,Java Test,Golov,"[{phone_type: 'work', phone_number: '1090578w'}, {phone_type: 'home', phone_number: '1090578h'}, {phone_type: 'cell', phone_number: '1090578c'}]",Mr,,,MN,61101,61101-1234
1075526,Line1-1075526,,Residence,true,Bloomington,00,Java Test,2017-09-21 19:01:39.973+0000,"{'1d1a8490-6f58-48e1-b6d6-537285d97dc8', 'a64b91de-78de-434f-b87d-a4525a53e5f9', 'de5a16f8-62a0-491d-bbfd-80af4d236cb2'}",1075526,RCIF,A,Retail,08/12/1943,"[{email_type: 'work', email_address: '1075526@gmail.com', email_status: 'valid'}, {email_type: 'Home', email_address: '1075526@gmail.com', email_status: 'DND'}]",Miles,Miles John 75526,M,075526,TIN,75526,2017-09-21 19:01:39.973+0000,Java Test,John,"[{phone_type: 'work', phone_number: '1075526w'}, {phone_type: 'home', phone_number: '1075526h'}, {phone_type: 'cell', phone_number: '1075526c'}]",Mr,,,IL,61704,61704-1234
1042031,Line1-1042031,,Residence,true,Minneapolis,00,Java Test,2017-09-21 19:01:39.973+0000,"{'930f0855-2cbb-4e4f-a002-9f4d256c3060', 'b49da134-3381-42f2-88e4-144d784b3930', 'e4a6fa86-8803-40b2-94f7-af6cb2c7a977'}",1042031,RCIF,A,Retail,07/14/1984,"[{email_type: 'work', email_address: '1042031@gmail.com', email_status: 'valid'}, {email_type: 'Home', email_address: '1042031@gmail.com', email_status: 'DND'}]",Catherine,Catherine Ann 42031,F,042031,TIN,42031,2017-09-21 19:01:39.973+0000,Java Test,Ann,"[{phone_type: 'work', phone_number: '1042031w'}, {phone_type: 'home', phone_number: '1042031h'}, {phone_type: 'cell', phone_number: '1042031c'}]",Ms,,,MN,55401,55401-1234
