account_no,bucket,tranpostdt,account_type,address_line1,address_line2,address_type,amount,amount_type,cardnum,city,country_code,country_name,customers,first_name,full_name,last_name,location,merchantctgydesc,merchantctygcd,merchantname,middle_name,origtranamt,referencekeytype,referencekeyvalue,state_abbreviation,tags,tranamt,trancd,trandescription,tranexpdt,tranid,traninitdt,transrespcd,transrespdesc,transresptype,transrsncd,transrsndesc,transrsntype,transtat,trantype,zipcode,zipcode4
3c59c968-33c2-4874-9218-f67e9fcbd73e,1,2017-09-18 18:26:02.594+0000,,Line1-1005282,,Residence,27.976248177908,Credit,e3915fec-b1b1-4f15-ba1d-35959c6f8d7d,St. Paul,00,USA,,Esmeralda,Esmeralda Mary 05282,05282,St. Paul,Electronic Sales,5732,BestBuy,Mary,27.976248177908403,reftype,thisRef,MN,"{'Tech', 'Work'}",27.976248177908,tranCd1,this is the transaction description,2017.09.18.13.26.02,7bccf5e4-b85f-42f6-86c1-ae4d7bbfa9ff,2017-09-18 18:26:02.594+0000,transRespCd,transRespDesc,transRespType,transRsnCd1,transRsnDesc,transRsnType,OK,TranTyp1,55101,55101-1234
3c59c968-33c2-4874-9218-f67e9fcbd73e,1,2017-09-18 08:41:26.664+0000,,Line1-1005282,,Residence,132.999153799863,Credit,904a2374-1954-46ab-a7f9-073a3b046baf,St. Paul,00,USA,,Esmeralda,Esmeralda Mary 05282,05282,Plymouth,Grocery Stores,5411,Spar,Mary,132.99915379986342,reftype,thisRef,MN,"{'Shopping', 'Work'}",132.999153799863,tranCd1,this is the transaction description,2017.09.18.03.41.26,d8721007-bcef-4ba1-87bd-4784a92198ea,2017-09-18 08:41:26.664+0000,transRespCd,transRespDesc,transRespType,transRsnCd1,transRsnDesc,transRsnType,OK,TranTyp1,55101,55101-1234
aaaae758-4539-4fdb-8eee-4841cc5cf387,1,2017-09-18 06:32:44.045+0000,,Line1-1094155,,Residence,54.803339727588,Credit,3ff93170-6505-465f-a1d3-013d43d030d1,Duluth,00,USA,,Julia,Julia Elizabeth 94155,94155,Plymouth,Fast Food Restaurants,5814,Pizza Hut,Elizabeth,54.80333972758845,reftype,thisRef,MN,"{'Eating out', 'Work'}",54.803339727588,tranCd1,this is the transaction description,2017.09.18.01.32.44,72b41104-ec1a-46a1-a849-9bfecaefc975,2017-09-18 06:32:44.045+0000,transRespCd,transRespDesc,transRespType,transRsnCd1,transRsnDesc,transRsnType,OK,TranTyp1,55802,55802-1234
ae93ee32-6eb8-41c3-9abe-c76c04a8f90c,1,2017-09-17 12:26:37.009+0000,,Line1-1021108,Apt 1021108,Apartment,200.310126577212,Credit,1b022a02-c0b2-42df-a996-4782859ffe30,Rockford,00,USA,,Igor,Igor Golov 21108,21108,Champaign,Men’s and Women’s Clothing Stores,5691,Costa,Golov,200.3101265772122,reftype,thisRef,MN,"{'Coffee', 'Work'}",200.310126577212,tranCd1,this is the transaction description,2017.09.17.07.26.37,0cedb889-bdf3-4fdf-9558-42c06a46d1d6,2017-09-17 12:26:37.009+0000,transRespCd,transRespDesc,transRespType,transRsnCd1,transRsnDesc,transRsnType,OK,TranTyp1,61101,61101-1234
e2d2e444-7a53-4eec-9a96-4e3785d560e9,1,2017-09-18 07:02:36.795+0000,,Line1-1030139,Apt 1030139,Apartment,50.582423365705,Credit,d71d6301-52f0-46f2-99c3-db30b9ae0bed,Champaign,00,USA,,Angela,Angela Eliza 30139,30139,Minneapolis,Fast Food Restaurants,5814,Starbucks,Eliza,50.5824233657049,reftype,thisRef,IL,"{'Coffee', 'Work'}",50.582423365705,tranCd1,this is the transaction description,2017.09.18.02.02.36,754601b6-aea7-4325-bee1-a331e317d3fa,2017-09-18 07:02:36.795+0000,transRespCd,transRespDesc,transRespType,transRsnCd1,transRsnDesc,transRsnType,OK,TranTyp1,16821,16821-1234
d608b603-2e10-41b2-87da-8a5ae3accd5f,1,2017-09-17 05:07:20.624+0000,,Line1-1099685,,Residence,63.605808610777,Credit,ea0e667b-0cd6-4142-b257-cfee4c3ab79f,Duluth,00,USA,,Julia,Julia Elizabeth 99685,99685,Bloomington,"Drinking Places, Bars, Taverns, Cocktail lounges, Nightclubs and Discotheques",5813,Local Pub,Elizabeth,63.60580861077684,reftype,thisRef,MN,"{'Eating out', 'Work'}",63.605808610777,tranCd1,this is the transaction description,2017.09.17.00.07.20,76ad96df-1a2a-4990-889e-6cf7afcc2e51,2017-09-17 05:07:20.624+0000,transRespCd,transRespDesc,transRespType,transRsnCd1,transRsnDesc,transRsnType,OK,TranTyp1,55802,55802-1234
1e22cc32-12fe-458d-b397-4cac631e1040,1,2017-09-17 19:25:43.132+0000,,Line1-1012921,,Residence,66.643701834302,Debit,7f3ff2b8-635a-4a9f-acd9-4d2ef4914ae3,Minneapolis,00,USA,,Catherine,Catherine Ann 12921,12921,Champaign,Grocery Stores,5411,Sainsbury,Ann,66.6437018343016,reftype,thisRef,MN,"{'Home', 'Shopping'}",66.643701834302,tranCd1,this is the transaction description,2017.09.17.14.25.43,ceed8feb-513b-4fd7-88ca-26226a3ee63f,2017-09-17 19:25:43.132+0000,transRespCd,transRespDesc,transRespType,transRsnCd1,transRsnDesc,transRsnType,OK,TranTyp1,55401,55401-1234
6b9d6dcb-2837-4bf6-90a3-104764130699,1,2017-09-15 13:11:53.849+0000,,Line1-1018421,,Residence,94.194416040473,Debit,a329c3e4-ac85-4da0-bee8-3554f5595ecb,Minneapolis,00,USA,,Catherine,Catherine Ann 18421,18421,Rockford,Misc. Food Stores – Convenience Stores and Specialty Markets,5499,Morrisons,Ann,94.19441604047253,reftype,thisRef,MN,"{'Home', 'Shopping'}",94.194416040473,tranCd1,this is the transaction description,2017.09.15.08.11.53,57fdc482-50cc-4d9d-980a-061122b9337e,2017-09-15 13:11:53.849+0000,transRespCd,transRespDesc,transRespType,transRsnCd1,transRsnDesc,transRsnType,OK,TranTyp1,55401,55401-1234
a9ef48db-fd04-431d-bb9a-378008a515a2,1,2017-09-20 04:06:36.983+0000,,Line1-1095132,,Residence,98.047078216107,Debit,bda5bce9-8950-4024-9181-769f9f31468c,St. Paul,00,USA,,Esmeralda,Esmeralda Mary 95132,95132,Chicago,Grocery Stores,5411,Tesco,Mary,98.04707821610721,reftype,thisRef,MN,"{'Home', 'Shopping'}",98.047078216107,tranCd1,this is the transaction description,2017.09.19.23.06.36,0c67b1a0-8828-40fa-b2da-84afd381ae88,2017-09-20 04:06:36.983+0000,transRespCd,transRespDesc,transRespType,transRsnCd1,transRsnDesc,transRsnType,OK,TranTyp1,55101,55101-1234
df1503ba-a3c8-42dd-811a-dee3763d4c28,1,2017-09-15 18:21:30.393+0000,,Line1-1014251,,Residence,97.369835175394,Credit,7e862496-b9d6-48b0-9108-f20cee172d45,Minneapolis,00,USA,,Catherine,Catherine Ann 14251,14251,Champaign,Book Stores,5942,BarnesNoble,Ann,97.36983517539383,reftype,thisRef,MN,"{'Travel', 'Work'}",97.369835175394,tranCd1,this is the transaction description,2017.09.15.13.21.30,4f6b4d79-1557-4bbe-b0fc-f8ed59ca0f79,2017-09-15 18:21:30.393+0000,transRespCd,transRespDesc,transRespType,transRsnCd1,transRsnDesc,transRsnType,OK,TranTyp1,55401,55401-1234
354ac803-bbac-42db-afec-d156b02beb1b,1,2017-09-19 03:47:24.442+0000,,Line1-1082054,,Residence,73.492906193204,Credit,ba58a9cb-c81f-4519-83e8-cbfa1640d96e,Edina,00,USA,,Louisa,Louisa Amy 82054,82054,Rockford,Drug Stores and Pharmacies,5912,Walmart,Amy,73.49290619320391,reftype,thisRef,MN,"{'Home', 'Pharmacy'}",73.492906193204,tranCd1,this is the transaction description,2017.09.18.22.47.24,9f35a011-8c45-4469-a602-5c719f7be160,2017-09-19 03:47:24.442+0000,transRespCd,transRespDesc,transRespType,transRsnCd1,transRsnDesc,transRsnType,OK,TranTyp1,55435,55435-1234
f1a8bf29-51f2-45e7-92b7-e6454a0cc5a5,1,2017-09-15 07:51:12.148+0000,,Line1-1085308,Apt 1085308,Apartment,142.88023598095,Debit,fd729f6d-c515-4bdf-b5ad-aaaaaaf60eda,Rockford,00,USA,,Igor,Igor Golov 85308,85308,Bloomington,Discount Stores,5310,Marks & Spencer,Golov,142.8802359809502,reftype,thisRef,MN,"{'Home', 'Shopping'}",142.88023598095,tranCd1,this is the transaction description,2017.09.15.02.51.12,8048996a-7d42-4820-8679-0fcf03848d4b,2017-09-15 07:51:12.148+0000,transRespCd,transRespDesc,transRespType,transRsnCd1,transRsnDesc,transRsnType,OK,TranTyp1,61101,61101-1234
f7d50898-2003-4cde-978b-d1c1f886ce33,1,2017-09-16 20:14:12.561+0000,,Line1-1027143,,Mobile,33.813831238393,Credit,694bfed2-3d0c-4f21-a08d-31a019b605b0,Plymouth,00,USA,,Marcus,Marcus Joseph 27143,27143,St. Paul,Electronic Sales,5732,BestBuy,Joseph,33.81383123839308,reftype,thisRef,MN,"{'Tech', 'Work'}",33.813831238393,tranCd1,this is the transaction description,2017.09.16.15.14.12,95b0e2c5-1f6c-4989-8ad6-e325fcaa6262,2017-09-16 20:14:12.561+0000,transRespCd,transRespDesc,transRespType,transRsnCd1,transRsnDesc,transRsnType,OK,TranTyp1,55441,55441-1234
7badb933-5b34-410c-91a3-f2dbeb6ea301,1,2017-09-19 02:03:24.132+0000,,Line1-1092229,Apt 1092229,Apartment,105.150667313154,Credit,2f9385e6-a9a4-4356-b93d-9d57232577f9,Champaign,00,USA,,Angela,Angela Eliza 92229,92229,Bloomington,Fast Food Restaurants,5814,Starbucks,Eliza,105.15066731315379,reftype,thisRef,IL,"{'Coffee', 'Work'}",105.150667313154,tranCd1,this is the transaction description,2017.09.18.21.03.24,36674579-2c4b-46bf-8480-f91b8fe37888,2017-09-19 02:03:24.132+0000,transRespCd,transRespDesc,transRespType,transRsnCd1,transRsnDesc,transRsnType,OK,TranTyp1,16821,16821-1234
20dd348f-eb2d-4092-9102-7d1dea59c1fa,1,2017-09-18 08:57:26.197+0000,,Line1-1020316,,Residence,92.420845047846,Debit,aeef0b50-5136-4b03-b920-659692e4533d,Bloomington,00,USA,,Miles,Miles John 20316,20316,Duluth,Grocery Stores,5411,Tesco,John,92.42084504784556,reftype,thisRef,IL,"{'Home', 'Shopping'}",92.420845047846,tranCd1,this is the transaction description,2017.09.18.03.57.26,ded280a0-21a4-4daf-a153-c8e923861e9f,2017-09-18 08:57:26.197+0000,transRespCd,transRespDesc,transRespType,transRsnCd1,transRsnDesc,transRsnType,OK,TranTyp1,61704,61704-1234
6ce932a9-ce2a-440c-bf50-aa00390fa752,1,2017-09-17 07:20:37.179+0000,,Line1-1023841,,Residence,4.458774455021,Credit,a9c4a374-a788-43c1-82ec-ba8d028c35ad,Minneapolis,00,USA,,Catherine,Catherine Ann 23841,23841,Edina,Discount Stores,5310,Amazon,Ann,4.458774455020775,reftype,thisRef,MN,"{'Amazon', 'Home'}",4.458774455021,tranCd1,this is the transaction description,2017.09.17.02.20.37,21868a62-cf78-4696-acd2-3ea68ea67d8a,2017-09-17 07:20:37.179+0000,transRespCd,transRespDesc,transRespType,transRsnCd1,transRsnDesc,transRsnType,OK,TranTyp1,55401,55401-1234
b882e95c-af2d-49dc-a833-1744bdb556f6,1,2017-09-19 19:33:42.396+0000,,Line1-1081791,,Residence,76.717948705584,Credit,4f44a736-9446-4f03-842f-6965091d897c,Minneapolis,00,USA,,Catherine,Catherine Ann 81791,81791,Edina,Fast Food Restaurants,5814,Pizza Hut,Ann,76.71794870558372,reftype,thisRef,MN,"{'Eating out', 'Work'}",76.717948705584,tranCd1,this is the transaction description,2017.09.19.14.33.42,00e917d6-2a62-4564-8ee7-3ffdf27030c7,2017-09-19 19:33:42.396+0000,transRespCd,transRespDesc,transRespType,transRsnCd1,transRsnDesc,transRsnType,OK,TranTyp1,55401,55401-1234
a40a74bf-4460-4cf5-9de2-966c1b1f8fa3,1,2017-09-18 23:29:35.365+0000,,Line1-1009794,,Residence,133.403840247077,Credit,89aec395-40fa-4a7d-8b20-e3e4dfb35c0f,Edina,00,USA,,Louisa,Louisa Amy 09794,09794,Champaign,Fast Food Restaurants,5814,Starbucks,Amy,133.40384024707728,reftype,thisRef,MN,"{'Coffee', 'Work'}",133.403840247077,tranCd1,this is the transaction description,2017.09.18.18.29.35,35c7bab8-d1d3-409f-8c4e-8e1a9741ffe5,2017-09-18 23:29:35.365+0000,transRespCd,transRespDesc,transRespType,transRsnCd1,transRsnDesc,transRsnType,OK,TranTyp1,55435,55435-1234
52c109ab-f7cb-413e-9a47-11836ff4e8ff,1,2017-09-15 15:16:12.111+0000,,Line1-1091571,,Residence,98.81270515417,Credit,2d8e50f1-b23b-4680-bf71-35bec0307401,Minneapolis,00,USA,,Catherine,Catherine Ann 91571,91571,Edina,Lumber and Building Materials Stores,5211,Lowes,Ann,98.81270515416966,reftype,thisRef,MN,"{'Diy', 'Work'}",98.81270515417,tranCd1,this is the transaction description,2017.09.15.10.16.12,73adb5dd-d9bd-4485-aaee-69d637ab12f0,2017-09-15 15:16:12.111+0000,transRespCd,transRespDesc,transRespType,transRsnCd1,transRsnDesc,transRsnType,OK,TranTyp1,55401,55401-1234
31d466d7-7496-42d3-9d31-00ee4dc23b78,1,2017-09-19 21:11:36.766+0000,,Line1-1021435,,Residence,119.324611416706,Credit,39e074b5-ee05-4104-8ade-1381d6077eb7,Duluth,00,USA,,Julia,Julia Elizabeth 21435,21435,Rockford,Men’s and Women’s Clothing Stores,5691,Costa,Elizabeth,119.3246114167062,reftype,thisRef,MN,"{'Coffee', 'Work'}",119.324611416706,tranCd1,this is the transaction description,2017.09.19.16.11.36,dcc7e229-4368-47f0-b003-f067cdfd6e77,2017-09-19 21:11:36.766+0000,transRespCd,transRespDesc,transRespType,transRsnCd1,transRsnDesc,transRsnType,OK,TranTyp1,55802,55802-1234
d9f8d17d-b1db-4152-9a64-287cccf85b8f,1,2017-09-17 19:32:18.416+0000,,Line1-1018470,,Residence,144.621523639379,Credit,30aed63b-4f17-4090-bda9-cdaf04262c54,Chicago,00,USA,,Jason,Jason Paul 18470,18470,Rockford,Electronic Sales,5732,Currys,Paul,144.62152363937946,reftype,thisRef,IL,"{'Tech', 'Work'}",144.621523639379,tranCd1,this is the transaction description,2017.09.17.14.32.18,c63a0160-1f7e-4850-82e7-66a156ebbf71,2017-09-17 19:32:18.416+0000,transRespCd,transRespDesc,transRespType,transRsnCd1,transRsnDesc,transRsnType,OK,TranTyp1,60601,60601-1234
07d66c5c-b898-43e2-858f-01246d349f8a,1,2017-09-17 23:26:51.324+0000,,Line1-1018347,,Residence,45.698498098906,Credit,587ad2f2-a537-4740-bc01-a8e44104a434,Bloomington,00,USA,,Luis,Luis Javier 18347,18347,Rockford,Department Stores,5311,John Lewis,Javier,45.69849809890577,reftype,thisRef,MN,"{'Home', 'HouseHold'}",45.698498098906,tranCd1,this is the transaction description,2017.09.17.18.26.51,39e934dc-f043-4d2f-b078-c7faf4ca23fd,2017-09-17 23:26:51.324+0000,transRespCd,transRespDesc,transRespType,transRsnCd1,transRsnDesc,transRsnType,OK,TranTyp1,55435,55435-1234
07d66c5c-b898-43e2-858f-01246d349f8a,1,2017-09-15 13:45:28.392+0000,,Line1-1018347,,Residence,94.704200959749,Credit,4b26151e-d2f3-4a46-a856-b5a64efffa9c,Bloomington,00,USA,,Luis,Luis Javier 18347,18347,Champaign,Fast Food Restaurants,5814,Starbucks,Javier,94.7042009597489,reftype,thisRef,MN,"{'Coffee', 'Work'}",94.704200959749,tranCd1,this is the transaction description,2017.09.15.08.45.28,6d1b44a9-08b6-4b28-9ad1-a53ba5179de4,2017-09-15 13:45:28.392+0000,transRespCd,transRespDesc,transRespType,transRsnCd1,transRsnDesc,transRsnType,OK,TranTyp1,55435,55435-1234
aec26ced-1c35-4089-87f7-418ba16ee884,1,2017-09-18 08:27:36.739+0000,,Line1-1001840,,Residence,120.645695945796,Credit,4c19a76e-1075-430a-b100-122a1ab0a6b3,Chicago,00,USA,,Jason,Jason Paul 01840,01840,Chicago,Fast Food Restaurants,5814,Pizza Hut,Paul,120.6456959457958,reftype,thisRef,IL,"{'Eating out', 'Work'}",120.645695945796,tranCd1,this is the transaction description,2017.09.18.03.27.36,89b6cc0e-521c-4255-aff3-60960d33d3dd,2017-09-18 08:27:36.739+0000,transRespCd,transRespDesc,transRespType,transRsnCd1,transRsnDesc,transRsnType,OK,TranTyp1,60601,60601-1234
c23d3c55-03ef-4a8e-bb8e-8b3052aea8f1,1,2017-09-19 18:18:00.259+0000,,Line1-1080693,,Mobile,118.817022927523,Debit,2b93b536-6beb-4c72-9396-a1946d59909e,Plymouth,00,USA,,Marcus,Marcus Joseph 80693,80693,Bloomington,Grocery Stores,5411,Sainsbury,Joseph,118.81702292752307,reftype,thisRef,MN,"{'Home', 'Shopping'}",118.817022927523,tranCd1,this is the transaction description,2017.09.19.13.18.00,4143646d-ae09-491a-9123-a6ab1485dc6b,2017-09-19 18:18:00.259+0000,transRespCd,transRespDesc,transRespType,transRsnCd1,transRsnDesc,transRsnType,OK,TranTyp1,55441,55441-1234
c23d3c55-03ef-4a8e-bb8e-8b3052aea8f1,1,2017-09-19 11:36:58.785+0000,,Line1-1080693,,Mobile,145.894698458304,Credit,8dd6c3d1-2570-4db6-9157-28d1dbf2aa05,Plymouth,00,USA,,Marcus,Marcus Joseph 80693,80693,Rockford,Book Stores,5942,BarnesNoble,Joseph,145.89469845830425,reftype,thisRef,MN,"{'Travel', 'Work'}",145.894698458304,tranCd1,this is the transaction description,2017.09.19.06.36.58,eadf6d24-f5a0-40cf-91ff-5773e7baf0e6,2017-09-19 11:36:58.785+0000,transRespCd,transRespDesc,transRespType,transRsnCd1,transRsnDesc,transRsnType,OK,TranTyp1,55441,55441-1234
c23d3c55-03ef-4a8e-bb8e-8b3052aea8f1,1,2017-09-15 05:50:25.381+0000,,Line1-1080693,,Mobile,115.44274765329,Credit,b5a49d85-e2bf-41ce-9e47-268ccbb9de6e,Plymouth,00,USA,,Marcus,Marcus Joseph 80693,80693,Minneapolis,Electronic Sales,5732,BestBuy,Joseph,115.44274765329041,reftype,thisRef,MN,"{'Tech', 'Work'}",115.44274765329,tranCd1,this is the transaction description,2017.09.15.00.50.25,512b7df8-b3a2-476d-a7e2-bf79f729193e,2017-09-15 05:50:25.381+0000,transRespCd,transRespDesc,transRespType,transRsnCd1,transRsnDesc,transRsnType,OK,TranTyp1,55441,55441-1234
ef9a216c-b4a8-44bc-a451-f078f1ecc41d,1,2017-09-16 02:03:12.478+0000,,Line1-1078979,Apt 1078979,Apartment,150.764493611712,Credit,c08af6bb-d531-44b8-ad1c-3bdcc9ded99f,Champaign,00,USA,,Angela,Angela Eliza 78979,78979,Bloomington,Miscellaneous Home Furnishing Specialty Stores,5719,B&Q,Eliza,150.76449361171186,reftype,thisRef,IL,"{'Diy', 'Home'}",150.764493611712,tranCd1,this is the transaction description,2017.09.15.21.03.12,e21a61a5-939c-4d47-9b5c-f589c30e9585,2017-09-16 02:03:12.478+0000,transRespCd,transRespDesc,transRespType,transRsnCd1,transRsnDesc,transRsnType,OK,TranTyp1,16821,16821-1234
9ee1ff8a-b801-431f-9256-55b4d65814cf,1,2017-09-17 04:39:58.147+0000,,Line1-1011775,,Residence,209.422403526151,Credit,f5a25fc7-c0e2-4304-b135-c2800f38f841,Duluth,00,USA,,Julia,Julia Elizabeth 11775,11775,Duluth,Direct Marketing – Travel Related Arrangements Services,5962,Carlson Wagonlit Travel,Elizabeth,209.42240352615062,reftype,thisRef,MN,"{'Travel', 'Work'}",209.422403526151,tranCd1,this is the transaction description,2017.09.16.23.39.58,69d54d36-b8c6-49e3-a9a2-1e8bae3a636c,2017-09-17 04:39:58.147+0000,transRespCd,transRespDesc,transRespType,transRsnCd1,transRsnDesc,transRsnType,OK,TranTyp1,55802,55802-1234
09457446-4abc-4abb-89b8-a891e27cc303,1,2017-09-19 12:24:33.097+0000,,Line1-1091783,,Mobile,192.457403998954,Credit,30783e6b-14df-431d-9a37-318e56c996ed,Plymouth,00,USA,,Marcus,Marcus Joseph 91783,91783,Champaign,Fast Food Restaurants,5814,Pizza Hut,Joseph,192.45740399895408,reftype,thisRef,MN,"{'Eating out', 'Work'}",192.457403998954,tranCd1,this is the transaction description,2017.09.19.07.24.33,761f2447-887c-41e5-8812-536ea623ea4b,2017-09-19 12:24:33.097+0000,transRespCd,transRespDesc,transRespType,transRsnCd1,transRsnDesc,transRsnType,OK,TranTyp1,55441,55441-1234
09457446-4abc-4abb-89b8-a891e27cc303,1,2017-09-15 16:22:05.689+0000,,Line1-1091783,,Mobile,69.010016355127,Credit,e5454589-53ae-4e4e-93bf-952307a7422a,Plymouth,00,USA,,Marcus,Marcus Joseph 91783,91783,Rockford,Department Stores,5311,John Lewis,Joseph,69.0100163551268,reftype,thisRef,MN,"{'Home', 'HouseHold'}",69.010016355127,tranCd1,this is the transaction description,2017.09.15.11.22.05,96cbf968-5949-43fd-ad22-ff631c7732b4,2017-09-15 16:22:05.689+0000,transRespCd,transRespDesc,transRespType,transRsnCd1,transRsnDesc,transRsnType,OK,TranTyp1,55441,55441-1234
07fa31f9-390d-458d-a415-7595a0d5de12,1,2017-09-15 05:00:22.844+0000,,Line1-1079290,,Residence,114.531439007273,Debit,5e324827-426f-4c86-8747-8a2c5280e1a1,Chicago,00,USA,,Jason,Jason Paul 79290,79290,Champaign,Discount Stores,5310,Marks & Spencer,Paul,114.53143900727322,reftype,thisRef,IL,"{'Home', 'Shopping'}",114.531439007273,tranCd1,this is the transaction description,2017.09.15.00.00.22,f8172d9e-2a26-4f22-b4a4-50e48c8420e8,2017-09-15 05:00:22.844+0000,transRespCd,transRespDesc,transRespType,transRsnCd1,transRsnDesc,transRsnType,OK,TranTyp1,60601,60601-1234
521a2214-64ae-4dc6-aecb-625db5e5eee7,1,2017-09-16 18:40:58.449+0000,,Line1-1099536,,Residence,31.558615481259,Credit,e40979dd-86c7-439b-8230-13f70d0ba63d,Bloomington,00,USA,,Miles,Miles John 99536,99536,Bloomington,Miscellaneous Home Furnishing Specialty Stores,5719,B&Q,John,31.558615481259412,reftype,thisRef,IL,"{'Diy', 'Home'}",31.558615481259,tranCd1,this is the transaction description,2017.09.16.13.40.58,058d1582-87c3-4790-8d05-8de98209cf1b,2017-09-16 18:40:58.449+0000,transRespCd,transRespDesc,transRespType,transRsnCd1,transRsnDesc,transRsnType,OK,TranTyp1,61704,61704-1234
1525d473-294f-4dc8-b927-151c66d14e1d,1,2017-09-16 10:25:04.709+0000,,Line1-1018000,,Residence,102.491520817357,Credit,961969ad-5689-40c9-9d97-a901ad042a0e,Chicago,00,USA,,Jason,Jason Paul 18000,18000,St. Paul,"Drinking Places, Bars, Taverns, Cocktail lounges, Nightclubs and Discotheques",5813,Local Pub,Paul,102.49152081735662,reftype,thisRef,IL,"{'Eating out', 'Work'}",102.491520817357,tranCd1,this is the transaction description,2017.09.16.05.25.04,c7b37837-0880-47f5-8c9a-4228879a0888,2017-09-16 10:25:04.709+0000,transRespCd,transRespDesc,transRespType,transRsnCd1,transRsnDesc,transRsnType,OK,TranTyp1,60601,60601-1234
9ffe464b-4a4b-464e-8bb2-efcdcb22b423,1,2017-09-17 13:47:51.382+0000,,Line1-1093028,Apt 1093028,Apartment,192.412632129638,Credit,13c58d8e-d5b7-487f-a9d7-b1a4ec82d545,Rockford,00,USA,,Igor,Igor Golov 93028,93028,Plymouth,Fast Food Restaurants,5814,Pizza Hut,Golov,192.41263212963787,reftype,thisRef,MN,"{'Eating out', 'Work'}",192.412632129638,tranCd1,this is the transaction description,2017.09.17.08.47.51,60e6e5a1-12e6-4daa-98fc-35558f59ff6d,2017-09-17 13:47:51.382+0000,transRespCd,transRespDesc,transRespType,transRsnCd1,transRsnDesc,transRsnType,OK,TranTyp1,61101,61101-1234
fbc833b9-d604-4013-bee0-a11060e51535,1,2017-09-18 06:46:10.471+0000,,Line1-1077948,Apt 1077948,Apartment,67.670376940704,Credit,8c4387f9-e580-427f-a0f3-5d389bf765a5,Rockford,00,USA,,Igor,Igor Golov 77948,77948,Plymouth,"Drinking Places, Bars, Taverns, Cocktail lounges, Nightclubs and Discotheques",5813,Local Pub,Golov,67.67037694070405,reftype,thisRef,MN,"{'Eating out', 'Work'}",67.670376940704,tranCd1,this is the transaction description,2017.09.18.01.46.10,42aef423-aba5-43b9-a344-34b07a9802ab,2017-09-18 06:46:10.471+0000,transRespCd,transRespDesc,transRespType,transRsnCd1,transRsnDesc,transRsnType,OK,TranTyp1,61101,61101-1234
fbc833b9-d604-4013-bee0-a11060e51535,1,2017-09-15 19:09:35.031+0000,,Line1-1077948,Apt 1077948,Apartment,116.991453792395,Credit,4947bea3-0a67-4966-ab9a-790e6b092aad,Rockford,00,USA,,Igor,Igor Golov 77948,77948,Duluth,Grocery Stores,5411,Somerfield,Golov,116.99145379239454,reftype,thisRef,MN,"{'Home', 'Shopping'}",116.991453792395,tranCd1,this is the transaction description,2017.09.15.14.09.35,61feb9e9-3d06-4a11-bfb7-d5d22f6f8d97,2017-09-15 19:09:35.031+0000,transRespCd,transRespDesc,transRespType,transRsnCd1,transRsnDesc,transRsnType,OK,TranTyp1,61101,61101-1234
26a1ea6c-bed4-4031-8012-ebe69ed69cbe,1,2017-09-16 03:07:23.148+0000,,Line1-1018939,Apt 1018939,Apartment,42.960839923729,Credit,ca80124a-b8c0-4690-b942-8589c7853737,Champaign,00,USA,,Angela,Angela Eliza 18939,18939,Edina,Grocery Stores,5411,Somerfield,Eliza,42.96083992372923,reftype,thisRef,IL,"{'Home', 'Shopping'}",42.960839923729,tranCd1,this is the transaction description,2017.09.15.22.07.23,7e47e0e5-0e36-494f-a94c-442bea71254a,2017-09-16 03:07:23.148+0000,transRespCd,transRespDesc,transRespType,transRsnCd1,transRsnDesc,transRsnType,OK,TranTyp1,16821,16821-1234
7aacea92-aac0-42be-bba9-56db1e75d809,1,2017-09-17 15:20:19.893+0000,,Line1-1090341,,Residence,130.642946708548,Credit,f94bba60-4fb8-4e5e-a0e1-6b33f9fb14d3,Minneapolis,00,USA,,Catherine,Catherine Ann 90341,90341,Duluth,Lumber and Building Materials Stores,5211,Lowes,Ann,130.64294670854824,reftype,thisRef,MN,"{'Diy', 'Work'}",130.642946708548,tranCd1,this is the transaction description,2017.09.17.10.20.19,ef2fb6ef-5766-4aed-b3fa-9ba376d137bd,2017-09-17 15:20:19.893+0000,transRespCd,transRespDesc,transRespType,transRsnCd1,transRsnDesc,transRsnType,OK,TranTyp1,55401,55401-1234
742e5c75-c1ee-42fd-9437-12aa72694061,1,2017-09-17 05:04:30.541+0000,,Line1-1003285,,Residence,1.977192793749,Credit,bb9cedfe-fe37-4fbd-91c9-da850493681b,Duluth,00,USA,,Julia,Julia Elizabeth 03285,03285,Chicago,Discount Stores,5310,Amazon,Elizabeth,1.9771927937486722,reftype,thisRef,MN,"{'Amazon', 'Home'}",1.977192793749,tranCd1,this is the transaction description,2017.09.17.00.04.30,09c8c1b0-9283-471b-99ca-a93399a7fa5f,2017-09-17 05:04:30.541+0000,transRespCd,transRespDesc,transRespType,transRsnCd1,transRsnDesc,transRsnType,OK,TranTyp1,55802,55802-1234
df3de93c-3dfa-4877-a263-93dbc640643c,1,2017-09-17 03:02:43.331+0000,,Line1-1003278,Apt 1003278,Apartment,89.050633409583,Credit,9e2adaba-15ab-425e-b173-20584fc51d7c,Rockford,00,USA,,Igor,Igor Golov 03278,03278,Champaign,Miscellaneous Home Furnishing Specialty Stores,5719,B&Q,Golov,89.0506334095825,reftype,thisRef,MN,"{'Diy', 'Home'}",89.050633409583,tranCd1,this is the transaction description,2017.09.16.22.02.43,843398c0-25db-473a-bbc1-2212ec3abbdc,2017-09-17 03:02:43.331+0000,transRespCd,transRespDesc,transRespType,transRsnCd1,transRsnDesc,transRsnType,OK,TranTyp1,61101,61101-1234
43c551a8-ccb3-497a-9fd4-6b4f619ac75e,1,2017-09-19 19:42:33.604+0000,,Line1-1017937,,Residence,159.750335796607,Credit,8e9c86ab-b3cb-41ef-b683-cd0a68f4c0cb,Bloomington,00,USA,,Luis,Luis Javier 17937,17937,Rockford,Miscellaneous Home Furnishing Specialty Stores,5719,B&Q,Javier,159.75033579660666,reftype,thisRef,MN,"{'Diy', 'Home'}",159.750335796607,tranCd1,this is the transaction description,2017.09.19.14.42.33,13aa7931-79f3-4f20-8b14-4a58d7f388d4,2017-09-19 19:42:33.604+0000,transRespCd,transRespDesc,transRespType,transRsnCd1,transRsnDesc,transRsnType,OK,TranTyp1,55435,55435-1234
c158ae68-2d5e-45d1-b1b9-90ed1b71c8f2,1,2017-09-19 20:48:05.419+0000,,Line1-1088123,,Mobile,101.898060419693,Credit,84d3caba-57b6-40f7-a419-e42a0553e447,Plymouth,00,USA,,Marcus,Marcus Joseph 88123,88123,Plymouth,Direct Marketing – Travel Related Arrangements Services,5962,Carlson Wagonlit Travel,Joseph,101.89806041969263,reftype,thisRef,MN,"{'Travel', 'Work'}",101.898060419693,tranCd1,this is the transaction description,2017.09.19.15.48.05,09cca219-a182-484c-be24-f7115b2bf57b,2017-09-19 20:48:05.419+0000,transRespCd,transRespDesc,transRespType,transRsnCd1,transRsnDesc,transRsnType,OK,TranTyp1,55441,55441-1234
60965a3c-fa0c-476c-9f62-e992a3ee62d2,1,2017-09-19 03:43:08.913+0000,,Line1-1085889,Apt 1085889,Apartment,68.254967973602,Debit,3ab716c4-3252-4b80-af85-971c9bc1fb19,Champaign,00,USA,,Angela,Angela Eliza 85889,85889,Plymouth,Misc. Food Stores – Convenience Stores and Specialty Markets,5499,Morrisons,Eliza,68.2549679736021,reftype,thisRef,IL,"{'Home', 'Shopping'}",68.254967973602,tranCd1,this is the transaction description,2017.09.18.22.43.08,0b8e98d3-ec2a-4c5d-946f-a3924d5bc695,2017-09-19 03:43:08.913+0000,transRespCd,transRespDesc,transRespType,transRsnCd1,transRsnDesc,transRsnType,OK,TranTyp1,16821,16821-1234
fa8976ad-b4a3-4202-b794-82fd28ae01be,1,2017-09-18 07:11:28.807+0000,,Line1-1017297,,Residence,164.153617373421,Credit,a5322395-b4b1-4b39-a6c7-ee4c0d4e2f24,Bloomington,00,USA,,Luis,Luis Javier 17297,17297,Rockford,Department Stores,5311,John Lewis,Javier,164.15361737342107,reftype,thisRef,MN,"{'Home', 'HouseHold'}",164.153617373421,tranCd1,this is the transaction description,2017.09.18.02.11.28,cd9a1c8a-8401-4d36-9cea-1716e159867f,2017-09-18 07:11:28.807+0000,transRespCd,transRespDesc,transRespType,transRsnCd1,transRsnDesc,transRsnType,OK,TranTyp1,55435,55435-1234
d6df2f23-d9a4-4361-a0d4-9f05ceae2043,1,2017-09-15 05:15:25.153+0000,,Line1-1011691,,Residence,65.187193198629,Credit,4475ba54-f295-429d-986a-426b4a570e37,Minneapolis,00,USA,,Catherine,Catherine Ann 11691,11691,Bloomington,Direct Marketing – Travel Related Arrangements Services,5962,Carlson Wagonlit Travel,Ann,65.18719319862937,reftype,thisRef,MN,"{'Travel', 'Work'}",65.187193198629,tranCd1,this is the transaction description,2017.09.15.00.15.25,dff18ec8-db89-4114-a25f-14bd967c1fbf,2017-09-15 05:15:25.153+0000,transRespCd,transRespDesc,transRespType,transRsnCd1,transRsnDesc,transRsnType,OK,TranTyp1,55401,55401-1234
8c6de867-6857-4746-95c7-1e5cdcf17fc5,1,2017-09-19 18:52:39.556+0000,,Line1-1018326,,Residence,130.744158417167,Credit,fb260bf0-e23e-41d8-8317-54f538750bf4,Bloomington,00,USA,,Miles,Miles John 18326,18326,Bloomington,Discount Stores,5310,Amazon,John,130.74415841716652,reftype,thisRef,IL,"{'Amazon', 'Home'}",130.744158417167,tranCd1,this is the transaction description,2017.09.19.13.52.39,aabfaae2-b3fc-47af-ba66-e82b7b209a26,2017-09-19 18:52:39.556+0000,transRespCd,transRespDesc,transRespType,transRsnCd1,transRsnDesc,transRsnType,OK,TranTyp1,61704,61704-1234
9c8b70a8-3b43-48ea-a81c-162fca91cdff,1,2017-09-18 08:47:47.679+0000,,Line1-1028424,,Residence,125.410358763404,Credit,d61db2ba-8c67-4738-b0c0-5d2120b4ee03,Edina,00,USA,,Louisa,Louisa Amy 28424,28424,Minneapolis,Supermarkets,5411,Cub Foods,Amy,125.41035876340362,reftype,thisRef,MN,"{'Home', 'Shopping'}",125.410358763404,tranCd1,this is the transaction description,2017.09.18.03.47.47,ece5f8de-584a-4434-9d2d-605d43c5fa45,2017-09-18 08:47:47.679+0000,transRespCd,transRespDesc,transRespType,transRsnCd1,transRsnDesc,transRsnType,OK,TranTyp1,55435,55435-1234
24fc58d5-21e2-40b4-86b0-c384e6c69972,1,2017-09-15 07:05:29.587+0000,,Line1-1004704,,Residence,51.150026883713,Credit,8079d65d-bf00-416b-ad26-977987756485,Edina,00,USA,,Louisa,Louisa Amy 04704,04704,Champaign,Lumber and Building Materials Stores,5211,Lowes,Amy,51.15002688371335,reftype,thisRef,MN,"{'Diy', 'Work'}",51.150026883713,tranCd1,this is the transaction description,2017.09.15.02.05.29,1d36d1d8-ce36-44a9-929b-f87fd70bfcd5,2017-09-15 07:05:29.587+0000,transRespCd,transRespDesc,transRespType,transRsnCd1,transRsnDesc,transRsnType,OK,TranTyp1,55435,55435-1234
dce7e61c-2c51-4ee6-b131-0c002309873f,1,2017-09-19 02:29:45.136+0000,,Line1-1007172,,Residence,113.141698450425,Credit,d20b8fe1-ef7f-4071-93d2-590030e39f03,St. Paul,00,USA,,Esmeralda,Esmeralda Mary 07172,07172,Minneapolis,Department Stores,5311,John Lewis,Mary,113.14169845042541,reftype,thisRef,MN,"{'Home', 'HouseHold'}",113.141698450425,tranCd1,this is the transaction description,2017.09.18.21.29.45,51957898-e29e-4ed6-a958-62f61615f84b,2017-09-19 02:29:45.136+0000,transRespCd,transRespDesc,transRespType,transRsnCd1,transRsnDesc,transRsnType,OK,TranTyp1,55101,55101-1234
dc632d1d-c0da-4c06-b95a-b06fcb0763da,1,2017-09-19 07:23:26.214+0000,,Line1-1085007,,Residence,148.261508622764,Debit,f74a634f-66be-47c6-9404-2e819d18f12e,Bloomington,00,USA,,Luis,Luis Javier 85007,85007,Rockford,Discount Stores,5310,Marks & Spencer,Javier,148.26150862276364,reftype,thisRef,MN,"{'Home', 'Shopping'}",148.261508622764,tranCd1,this is the transaction description,2017.09.19.02.23.26,b8185291-87cb-4d89-bd24-604c7f8d032d,2017-09-19 07:23:26.214+0000,transRespCd,transRespDesc,transRespType,transRsnCd1,transRsnDesc,transRsnType,OK,TranTyp1,55435,55435-1234
8c3125ce-13e8-4346-b3e3-f274ff4fcedd,1,2017-09-15 09:07:17.553+0000,,Line1-1091095,,Residence,112.410296939697,Credit,4aa7657a-177e-49e3-b008-12612c8a4222,Duluth,00,USA,,Julia,Julia Elizabeth 91095,91095,Rockford,Grocery Stores,5411,Somerfield,Elizabeth,112.41029693969654,reftype,thisRef,MN,"{'Home', 'Shopping'}",112.410296939697,tranCd1,this is the transaction description,2017.09.15.04.07.17,cb1090fd-4756-43bc-994c-694c5a988268,2017-09-15 09:07:17.553+0000,transRespCd,transRespDesc,transRespType,transRsnCd1,transRsnDesc,transRsnType,OK,TranTyp1,55802,55802-1234
72a924a0-de3b-47e5-83e6-7f11354a2b1f,1,2017-09-19 23:39:26.684+0000,,Line1-1028733,,Mobile,47.671901227844,Credit,691ac5a2-3823-4e3d-a709-dd6c0785171b,Plymouth,00,USA,,Marcus,Marcus Joseph 28733,28733,Bloomington,Electronic Sales,5732,Currys,Joseph,47.671901227843854,reftype,thisRef,MN,"{'Tech', 'Work'}",47.671901227844,tranCd1,this is the transaction description,2017.09.19.18.39.26,46b317c6-8284-4847-833d-8486e4135e31,2017-09-19 23:39:26.684+0000,transRespCd,transRespDesc,transRespType,transRsnCd1,transRsnDesc,transRsnType,OK,TranTyp1,55441,55441-1234
72a924a0-de3b-47e5-83e6-7f11354a2b1f,1,2017-09-19 20:42:23.091+0000,,Line1-1028733,,Mobile,140.183206552198,Debit,b62bfb39-5ead-4b1a-a5d0-ddcf59104d02,Plymouth,00,USA,,Marcus,Marcus Joseph 28733,28733,Duluth,Discount Stores,5310,Marks & Spencer,Joseph,140.18320655219782,reftype,thisRef,MN,"{'Home', 'Shopping'}",140.183206552198,tranCd1,this is the transaction description,2017.09.19.15.42.23,a0670b99-5d08-47aa-a47a-fce27da0bc78,2017-09-19 20:42:23.091+0000,transRespCd,transRespDesc,transRespType,transRsnCd1,transRsnDesc,transRsnType,OK,TranTyp1,55441,55441-1234
72a924a0-de3b-47e5-83e6-7f11354a2b1f,1,2017-09-17 14:12:02.199+0000,,Line1-1028733,,Mobile,61.296328903819,Credit,29f70274-07b5-4c33-8075-fda5874d2e62,Plymouth,00,USA,,Marcus,Marcus Joseph 28733,28733,St. Paul,Grocery Stores,5411,Spar,Joseph,61.296328903818775,reftype,thisRef,MN,"{'Shopping', 'Work'}",61.296328903819,tranCd1,this is the transaction description,2017.09.17.09.12.02,723e84a9-e257-46f1-b3a3-b97bf0cf01c3,2017-09-17 14:12:02.199+0000,transRespCd,transRespDesc,transRespType,transRsnCd1,transRsnDesc,transRsnType,OK,TranTyp1,55441,55441-1234
7454d5ac-6a8f-4cef-93b0-d03ec893400f,1,2017-09-18 12:47:38.830+0000,,Line1-1008840,,Residence,142.411531487567,Credit,128f7133-f604-491c-bb3a-d3aefb4eafcc,Chicago,00,USA,,Jason,Jason Paul 08840,08840,Bloomington,Fast Food Restaurants,5814,Pizza Hut,Paul,142.41153148756683,reftype,thisRef,IL,"{'Eating out', 'Work'}",142.411531487567,tranCd1,this is the transaction description,2017.09.18.07.47.38,67597b43-5bc3-44ef-938e-9628d5f73466,2017-09-18 12:47:38.830+0000,transRespCd,transRespDesc,transRespType,transRsnCd1,transRsnDesc,transRsnType,OK,TranTyp1,60601,60601-1234
7454d5ac-6a8f-4cef-93b0-d03ec893400f,1,2017-09-16 17:49:43.537+0000,,Line1-1008840,,Residence,80.748180778131,Credit,0240e872-385a-4408-8fc1-ee4c4393a7e3,Chicago,00,USA,,Jason,Jason Paul 08840,08840,Bloomington,Miscellaneous Home Furnishing Specialty Stores,5719,B&Q,Paul,80.74818077813055,reftype,thisRef,IL,"{'Diy', 'Home'}",80.748180778131,tranCd1,this is the transaction description,2017.09.16.12.49.43,a6486959-5e63-4c7c-b5e9-bfa80fbfa102,2017-09-16 17:49:43.537+0000,transRespCd,transRespDesc,transRespType,transRsnCd1,transRsnDesc,transRsnType,OK,TranTyp1,60601,60601-1234
8b91fa02-9231-469e-b833-d31b46aee924,1,2017-09-16 06:34:08.238+0000,,Line1-1014442,,Residence,176.669338881667,Credit,7a14be6c-5855-44d0-a147-dd07b6b8aed0,St. Paul,00,USA,,Esmeralda,Esmeralda Mary 14442,14442,Bloomington,Grocery Stores,5411,Spar,Mary,176.6693388816675,reftype,thisRef,MN,"{'Shopping', 'Work'}",176.669338881667,tranCd1,this is the transaction description,2017.09.16.01.34.08,062b6569-96fa-4372-a5ff-05c11da56005,2017-09-16 06:34:08.238+0000,transRespCd,transRespDesc,transRespType,transRsnCd1,transRsnDesc,transRsnType,OK,TranTyp1,55101,55101-1234
42fd0025-1ee6-46ef-af05-e752b11166f3,1,2017-09-20 00:51:32.793+0000,,Line1-1093769,Apt 1093769,Apartment,73.771601337049,Credit,2a16f0ec-6f52-4465-9fd2-a09ab0f7aad7,Champaign,00,USA,,Angela,Angela Eliza 93769,93769,Bloomington,Grocery Stores,5411,Spar,Eliza,73.77160133704851,reftype,thisRef,IL,"{'Shopping', 'Work'}",73.771601337049,tranCd1,this is the transaction description,2017.09.19.19.51.32,6f0fc83b-2ae7-4b3a-8dbb-103005535c5c,2017-09-20 00:51:32.793+0000,transRespCd,transRespDesc,transRespType,transRsnCd1,transRsnDesc,transRsnType,OK,TranTyp1,16821,16821-1234
46b67680-40ce-445f-bff6-d4b6f72bbc86,1,2017-09-20 00:25:26.860+0000,,Line1-1010618,Apt 1010618,Apartment,83.355130663983,Credit,fe6ae0d8-76b1-44fd-bc2a-cda3dc18a782,Rockford,00,USA,,Igor,Igor Golov 10618,10618,St. Paul,Supermarkets,5411,Cub Foods,Golov,83.35513066398332,reftype,thisRef,MN,"{'Home', 'Shopping'}",83.355130663983,tranCd1,this is the transaction description,2017.09.19.19.25.26,87f0b958-f061-4496-be9c-e634b9a60b7e,2017-09-20 00:25:26.860+0000,transRespCd,transRespDesc,transRespType,transRsnCd1,transRsnDesc,transRsnType,OK,TranTyp1,61101,61101-1234
a054d530-957e-4174-906a-acba598fbf0e,1,2017-09-16 23:36:39.959+0000,,Line1-1083405,,Residence,90.610599045862,Credit,411a1b0d-7acc-48f9-abc8-a29b290851cc,Duluth,00,USA,,Julia,Julia Elizabeth 83405,83405,Chicago,Fast Food Restaurants,5814,Starbucks,Elizabeth,90.61059904586229,reftype,thisRef,MN,"{'Coffee', 'Work'}",90.610599045862,tranCd1,this is the transaction description,2017.09.16.18.36.39,1139fc0d-ef5e-440a-9fd8-869f1886950d,2017-09-16 23:36:39.959+0000,transRespCd,transRespDesc,transRespType,transRsnCd1,transRsnDesc,transRsnType,OK,TranTyp1,55802,55802-1234
1ae7799c-16fb-47b8-8087-a9d83081ab0a,1,2017-09-18 12:05:52.989+0000,,Line1-1016086,,Residence,119.01013165872,Credit,d6c2ccaf-4a16-45fb-8cb4-6517f0469ad9,Bloomington,00,USA,,Miles,Miles John 16086,16086,Rockford,"Drinking Places, Bars, Taverns, Cocktail lounges, Nightclubs and Discotheques",5813,Local Pub,John,119.01013165872028,reftype,thisRef,IL,"{'Eating out', 'Work'}",119.01013165872,tranCd1,this is the transaction description,2017.09.18.07.05.52,5b1907e1-9754-482e-a134-6f556fcace49,2017-09-18 12:05:52.989+0000,transRespCd,transRespDesc,transRespType,transRsnCd1,transRsnDesc,transRsnType,OK,TranTyp1,61704,61704-1234
aea63cf3-4a6b-45cd-8ab8-30817512b988,1,2017-09-16 09:59:25.087+0000,,Line1-1086402,,Residence,88.991442672687,Credit,6dedb2e7-9e4d-4004-b2bb-dbb9eb9fa84b,St. Paul,00,USA,,Esmeralda,Esmeralda Mary 86402,86402,Rockford,Department Stores,5311,John Lewis,Mary,88.99144267268669,reftype,thisRef,MN,"{'Home', 'HouseHold'}",88.991442672687,tranCd1,this is the transaction description,2017.09.16.04.59.25,1a01f52b-03ed-46a1-9a40-7209a39cad97,2017-09-16 09:59:25.087+0000,transRespCd,transRespDesc,transRespType,transRsnCd1,transRsnDesc,transRsnType,OK,TranTyp1,55101,55101-1234
06247193-a596-4bee-9685-4cd88ab67c08,1,2017-09-17 04:03:40.546+0000,,Line1-1004621,,Residence,124.318462026666,Credit,3796f30f-c552-467d-98c3-32381b89c97f,Minneapolis,00,USA,,Catherine,Catherine Ann 04621,04621,St. Paul,Electronic Sales,5732,BestBuy,Ann,124.31846202666618,reftype,thisRef,MN,"{'Tech', 'Work'}",124.318462026666,tranCd1,this is the transaction description,2017.09.16.23.03.40,24489eb9-6565-4bca-8749-4f6a04c5416f,2017-09-17 04:03:40.546+0000,transRespCd,transRespDesc,transRespType,transRsnCd1,transRsnDesc,transRsnType,OK,TranTyp1,55401,55401-1234
06247193-a596-4bee-9685-4cd88ab67c08,1,2017-09-16 00:34:19.395+0000,,Line1-1004621,,Residence,74.2490680985,Credit,3a8ad997-4b93-42f2-aada-69ca040d7444,Minneapolis,00,USA,,Catherine,Catherine Ann 04621,04621,Bloomington,Book Stores,5942,BarnesNoble,Ann,74.24906809849979,reftype,thisRef,MN,"{'Travel', 'Work'}",74.2490680985,tranCd1,this is the transaction description,2017.09.15.19.34.19,74c7e39d-75c9-40db-8b10-0fc0becf61ae,2017-09-16 00:34:19.395+0000,transRespCd,transRespDesc,transRespType,transRsnCd1,transRsnDesc,transRsnType,OK,TranTyp1,55401,55401-1234
6647db8f-3b55-4106-80af-1694393e4364,1,2017-09-19 21:51:30.840+0000,,Line1-1030008,Apt 1030008,Apartment,89.381397489516,Debit,b61a27cc-effd-4dbf-8a23-cff92853614c,Rockford,00,USA,,Igor,Igor Golov 30008,30008,Minneapolis,Grocery Stores,5411,Tesco,Golov,89.38139748951647,reftype,thisRef,MN,"{'Home', 'Shopping'}",89.381397489516,tranCd1,this is the transaction description,2017.09.19.16.51.30,110a1919-c335-4d4a-b3ef-ef848993cc8c,2017-09-19 21:51:30.840+0000,transRespCd,transRespDesc,transRespType,transRsnCd1,transRsnDesc,transRsnType,OK,TranTyp1,61101,61101-1234
05eb051f-5af7-4b82-a43f-5092d248a153,1,2017-09-15 06:40:28.955+0000,,Line1-1029262,,Residence,59.450251419421,Credit,27f29d43-b020-4789-9064-c6a162515c45,St. Paul,00,USA,,Esmeralda,Esmeralda Mary 29262,29262,Bloomington,Grocery Stores,5411,Spar,Mary,59.450251419421306,reftype,thisRef,MN,"{'Shopping', 'Work'}",59.450251419421,tranCd1,this is the transaction description,2017.09.15.01.40.28,0e4727fa-04ad-44d7-9f21-a138e23dc5c9,2017-09-15 06:40:28.955+0000,transRespCd,transRespDesc,transRespType,transRsnCd1,transRsnDesc,transRsnType,OK,TranTyp1,55101,55101-1234
9121e3d3-6b7e-4b68-8a44-2566a8200e02,1,2017-09-18 08:08:44.164+0000,,Line1-1077189,Apt 1077189,Apartment,75.589510779307,Credit,587eded2-acbf-4792-8fef-a46ba3948495,Champaign,00,USA,,Angela,Angela Eliza 77189,77189,Plymouth,Electronic Sales,5732,Currys,Eliza,75.58951077930747,reftype,thisRef,IL,"{'Tech', 'Work'}",75.589510779307,tranCd1,this is the transaction description,2017.09.18.03.08.44,bd6b6099-ddda-457e-b51e-f1d3546bd45a,2017-09-18 08:08:44.164+0000,transRespCd,transRespDesc,transRespType,transRsnCd1,transRsnDesc,transRsnType,OK,TranTyp1,16821,16821-1234
f57af60d-7943-44a6-bb4d-f5500c04d805,1,2017-09-19 01:12:47.546+0000,,Line1-1096404,,Residence,118.096234604166,Credit,2eed7fe2-19ff-4120-8881-5b559648a175,Edina,00,USA,,Louisa,Louisa Amy 96404,96404,Bloomington,Book Stores,5942,BarnesNoble,Amy,118.09623460416633,reftype,thisRef,MN,"{'Travel', 'Work'}",118.096234604166,tranCd1,this is the transaction description,2017.09.18.20.12.47,e814c70e-60e1-4cfc-a6d9-81b306e41757,2017-09-19 01:12:47.546+0000,transRespCd,transRespDesc,transRespType,transRsnCd1,transRsnDesc,transRsnType,OK,TranTyp1,55435,55435-1234
83bc3e01-efcf-4cba-8fdc-f927bccf2f74,1,2017-09-16 11:26:09.793+0000,,Line1-1083769,Apt 1083769,Apartment,104.380029601215,Credit,ea5ade1f-ea02-46ca-a48c-320a5678dd3c,Champaign,00,USA,,Angela,Angela Eliza 83769,83769,Duluth,Electronic Sales,5732,Currys,Eliza,104.38002960121474,reftype,thisRef,IL,"{'Tech', 'Work'}",104.380029601215,tranCd1,this is the transaction description,2017.09.16.06.26.09,c77c4b76-2470-47b3-bd1b-7858068efc68,2017-09-16 11:26:09.793+0000,transRespCd,transRespDesc,transRespType,transRsnCd1,transRsnDesc,transRsnType,OK,TranTyp1,16821,16821-1234
2a6526f9-e736-4635-85b9-8e848546da03,1,2017-09-18 15:15:27.869+0000,,Line1-1008042,,Residence,92.221976519525,Credit,ef40a1ac-f6b2-4351-9545-d2c4cb2d37e2,St. Paul,00,USA,,Esmeralda,Esmeralda Mary 08042,08042,Edina,Grocery Stores,5411,Spar,Mary,92.2219765195248,reftype,thisRef,MN,"{'Shopping', 'Work'}",92.221976519525,tranCd1,this is the transaction description,2017.09.18.10.15.27,7709cb8f-afd6-4893-a4e7-4c3a2b869f60,2017-09-18 15:15:27.869+0000,transRespCd,transRespDesc,transRespType,transRsnCd1,transRsnDesc,transRsnType,OK,TranTyp1,55101,55101-1234
c555b0fd-a8b9-4d86-8790-751b604b274b,1,2017-09-15 18:55:36.488+0000,,Line1-1082418,Apt 1082418,Apartment,113.656637073812,Credit,2fc02663-f3f2-4614-a51e-7d12314f5118,Rockford,00,USA,,Igor,Igor Golov 82418,82418,Duluth,Electronic Sales,5732,Currys,Golov,113.6566370738122,reftype,thisRef,MN,"{'Tech', 'Work'}",113.656637073812,tranCd1,this is the transaction description,2017.09.15.13.55.36,38ba93c1-b43f-4ee9-bc9d-aa43af27b0d4,2017-09-15 18:55:36.488+0000,transRespCd,transRespDesc,transRespType,transRsnCd1,transRsnDesc,transRsnType,OK,TranTyp1,61101,61101-1234
811cc258-a7a0-481e-9ca4-9d08e177dab1,1,2017-09-20 01:39:37.016+0000,,Line1-1090484,,Residence,81.374051171711,Credit,45699734-5d92-457f-a66e-8df030f33d7c,Edina,00,USA,,Louisa,Louisa Amy 90484,90484,Champaign,Supermarkets,5411,Cub Foods,Amy,81.37405117171109,reftype,thisRef,MN,"{'Home', 'Shopping'}",81.374051171711,tranCd1,this is the transaction description,2017.09.19.20.39.37,d96de25e-6514-48ca-85e9-87110763214d,2017-09-20 01:39:37.016+0000,transRespCd,transRespDesc,transRespType,transRsnCd1,transRsnDesc,transRsnType,OK,TranTyp1,55435,55435-1234
bc725397-b4ec-4474-bbc0-6e5148822b01,1,2017-09-16 17:32:39.871+0000,,Line1-1016426,,Residence,95.596216131047,Debit,27dd1d6a-092e-4ced-96c1-9c81d9980b17,Bloomington,00,USA,,Miles,Miles John 16426,16426,Champaign,Grocery Stores,5411,Sainsbury,John,95.59621613104684,reftype,thisRef,IL,"{'Home', 'Shopping'}",95.596216131047,tranCd1,this is the transaction description,2017.09.16.12.32.39,23ae2277-246d-46f3-b67f-074afc2f98da,2017-09-16 17:32:39.871+0000,transRespCd,transRespDesc,transRespType,transRsnCd1,transRsnDesc,transRsnType,OK,TranTyp1,61704,61704-1234
9b195b2d-df17-49f5-bf2c-f3d3563681ee,1,2017-09-15 17:30:45.282+0000,,Line1-1030086,,Residence,7.382485094914,Debit,f8630882-9020-4e32-ab73-c68ef0f3bf8d,Bloomington,00,USA,,Miles,Miles John 30086,30086,St. Paul,Grocery Stores,5411,Tesco,John,7.382485094914026,reftype,thisRef,IL,"{'Home', 'Shopping'}",7.382485094914,tranCd1,this is the transaction description,2017.09.15.12.30.45,a40a9566-bf06-458d-b855-7a43c078894d,2017-09-15 17:30:45.282+0000,transRespCd,transRespDesc,transRespType,transRsnCd1,transRsnDesc,transRsnType,OK,TranTyp1,61704,61704-1234
110b4b3f-9e8c-43d4-acf6-7b652b05c44a,1,2017-09-19 02:15:01.784+0000,,Line1-1088645,,Residence,62.307553070787,Credit,0cb80d55-46b5-44d4-af3c-f7631aef8b67,Duluth,00,USA,,Julia,Julia Elizabeth 88645,88645,Minneapolis,Mail Order Houses,5961,Argos,Elizabeth,62.30755307078707,reftype,thisRef,MN,"{'Household', 'Work'}",62.307553070787,tranCd1,this is the transaction description,2017.09.18.21.15.01,4b77a5f9-ee18-4fa7-aea3-d575531a9afa,2017-09-19 02:15:01.784+0000,transRespCd,transRespDesc,transRespType,transRsnCd1,transRsnDesc,transRsnType,OK,TranTyp1,55802,55802-1234
7fc747fd-f4f1-493f-99d2-343038236dc3,1,2017-09-18 07:32:49.649+0000,,Line1-1026079,Apt 1026079,Apartment,51.328586095538,Credit,6db09b5a-a4b4-461e-bfe6-0b1eafcd78de,Champaign,00,USA,,Angela,Angela Eliza 26079,26079,Champaign,Fast Food Restaurants,5814,Starbucks,Eliza,51.328586095538384,reftype,thisRef,IL,"{'Coffee', 'Work'}",51.328586095538,tranCd1,this is the transaction description,2017.09.18.02.32.49,71f20ac0-dfba-414b-a81c-de239d0eb9e8,2017-09-18 07:32:49.649+0000,transRespCd,transRespDesc,transRespType,transRsnCd1,transRsnDesc,transRsnType,OK,TranTyp1,16821,16821-1234
5dfc5762-7a61-46d6-881c-3048c64bb2ce,1,2017-09-18 01:12:01.168+0000,,Line1-1091861,,Residence,117.009568327738,Credit,388ec1eb-1f58-4c50-9725-766f43e3fe8c,Minneapolis,00,USA,,Catherine,Catherine Ann 91861,91861,St. Paul,Department Stores,5311,John Lewis,Ann,117.0095683277383,reftype,thisRef,MN,"{'Home', 'HouseHold'}",117.009568327738,tranCd1,this is the transaction description,2017.09.17.20.12.01,4ade5cea-7ef1-402d-a0a9-347e1d14b172,2017-09-18 01:12:01.168+0000,transRespCd,transRespDesc,transRespType,transRsnCd1,transRsnDesc,transRsnType,OK,TranTyp1,55401,55401-1234
5dfc5762-7a61-46d6-881c-3048c64bb2ce,1,2017-09-15 11:20:19.971+0000,,Line1-1091861,,Residence,37.966111271224,Credit,104167cd-acc5-4813-a2e0-071d37c4ad59,Minneapolis,00,USA,,Catherine,Catherine Ann 91861,91861,Bloomington,Wholesale Clubs,5300,Co-op,Ann,37.96611127122365,reftype,thisRef,MN,"{'Shopping', 'Work'}",37.966111271224,tranCd1,this is the transaction description,2017.09.15.06.20.19,5332230e-8299-4c3e-9b9d-eb9eac93eecd,2017-09-15 11:20:19.971+0000,transRespCd,transRespDesc,transRespType,transRsnCd1,transRsnDesc,transRsnType,OK,TranTyp1,55401,55401-1234
1a199df7-7030-47ae-9d53-762ad5e669f5,1,2017-09-16 05:07:13.321+0000,,Line1-1015118,Apt 1015118,Apartment,16.426064832156,Credit,16a55baa-ddbd-43dd-b305-96f0e64f1a35,Rockford,00,USA,,Igor,Igor Golov 15118,15118,Bloomington,Mail Order Houses,5961,Argos,Golov,16.426064832156186,reftype,thisRef,MN,"{'Household', 'Work'}",16.426064832156,tranCd1,this is the transaction description,2017.09.16.00.07.13,058c042a-f695-4a3b-9422-310a09d6a29e,2017-09-16 05:07:13.321+0000,transRespCd,transRespDesc,transRespType,transRsnCd1,transRsnDesc,transRsnType,OK,TranTyp1,61101,61101-1234
6bf9626f-0c0b-48bf-92c3-a2e72568469e,1,2017-09-17 10:08:56.006+0000,,Line1-1010151,,Residence,27.046151061487,Debit,40c96b27-b60b-4175-b9fe-a4e2e9f3e981,Minneapolis,00,USA,,Catherine,Catherine Ann 10151,10151,Duluth,Discount Stores,5310,Wal-Mart Stores,Ann,27.04615106148689,reftype,thisRef,MN,"{'Home', 'Shopping'}",27.046151061487,tranCd1,this is the transaction description,2017.09.17.05.08.56,14392172-be22-4052-a53d-31b3601f69a9,2017-09-17 10:08:56.006+0000,transRespCd,transRespDesc,transRespType,transRsnCd1,transRsnDesc,transRsnType,OK,TranTyp1,55401,55401-1234
4e12a2c6-0723-427c-a112-8d933134ad1d,1,2017-09-19 03:38:08.044+0000,,Line1-1020228,Apt 1020228,Apartment,6.197915674453,Credit,f63bc4a3-320a-46e3-8092-03e4968d0793,Rockford,00,USA,,Igor,Igor Golov 20228,20228,Plymouth,Electronic Sales,5732,BestBuy,Golov,6.197915674452792,reftype,thisRef,MN,"{'Tech', 'Work'}",6.197915674453,tranCd1,this is the transaction description,2017.09.18.22.38.08,639ea1ed-8369-475d-a6b1-e74fb6cd079d,2017-09-19 03:38:08.044+0000,transRespCd,transRespDesc,transRespType,transRsnCd1,transRsnDesc,transRsnType,OK,TranTyp1,61101,61101-1234
ee77b6d8-bfff-41a3-afa6-7cc17e0a26ad,1,2017-09-20 03:32:57.924+0000,,Line1-1010023,,Mobile,52.78335705208,Credit,b588b76e-db7c-4e26-9c0d-3817588a8b68,Plymouth,00,USA,,Marcus,Marcus Joseph 10023,10023,Champaign,Discount Stores,5310,Amazon,Joseph,52.78335705207958,reftype,thisRef,MN,"{'Amazon', 'Home'}",52.78335705208,tranCd1,this is the transaction description,2017.09.19.22.32.57,2e12e413-863c-46c6-9c31-58b097a80870,2017-09-20 03:32:57.924+0000,transRespCd,transRespDesc,transRespType,transRsnCd1,transRsnDesc,transRsnType,OK,TranTyp1,55441,55441-1234
ee77b6d8-bfff-41a3-afa6-7cc17e0a26ad,1,2017-09-17 11:25:08.656+0000,,Line1-1010023,,Mobile,7.356692855732,Credit,1e3ca4b2-58ff-488f-83d1-8f958e83020f,Plymouth,00,USA,,Marcus,Marcus Joseph 10023,10023,Bloomington,Direct Marketing – Travel Related Arrangements Services,5962,Carlson Wagonlit Travel,Joseph,7.356692855732416,reftype,thisRef,MN,"{'Travel', 'Work'}",7.356692855732,tranCd1,this is the transaction description,2017.09.17.06.25.08,468b4350-8149-44b9-9ce7-231cd7e2e2be,2017-09-17 11:25:08.656+0000,transRespCd,transRespDesc,transRespType,transRsnCd1,transRsnDesc,transRsnType,OK,TranTyp1,55441,55441-1234
25453665-e093-4527-b738-210b6dcd946f,1,2017-09-15 15:05:23.186+0000,,Line1-1027751,,Residence,91.360810407068,Debit,534a76ef-4e2c-469f-bbd4-9b6551e8dd29,Minneapolis,00,USA,,Catherine,Catherine Ann 27751,27751,Edina,Discount Stores,5310,Wal-Mart Stores,Ann,91.36081040706787,reftype,thisRef,MN,"{'Home', 'Shopping'}",91.360810407068,tranCd1,this is the transaction description,2017.09.15.10.05.23,7050cd0e-14d9-4b10-b41c-d74077cc6f93,2017-09-15 15:05:23.186+0000,transRespCd,transRespDesc,transRespType,transRsnCd1,transRsnDesc,transRsnType,OK,TranTyp1,55401,55401-1234
512823a9-eebc-4c60-ba8c-15e4f377fc45,1,2017-09-19 05:31:50.643+0000,,Line1-1022440,,Residence,7.669836667968,Credit,1280dff7-e30b-4be7-ae00-2ffa27475d66,Chicago,00,USA,,Jason,Jason Paul 22440,22440,Edina,"Drinking Places, Bars, Taverns, Cocktail lounges, Nightclubs and Discotheques",5813,Local Pub,Paul,7.669836667968144,reftype,thisRef,IL,"{'Eating out', 'Work'}",7.669836667968,tranCd1,this is the transaction description,2017.09.19.00.31.50,9bb515b6-3618-4a21-a334-7f41809ee97b,2017-09-19 05:31:50.643+0000,transRespCd,transRespDesc,transRespType,transRsnCd1,transRsnDesc,transRsnType,OK,TranTyp1,60601,60601-1234
fcef8667-d8fa-4806-8984-bc39a2321399,1,2017-09-15 05:55:22.092+0000,,Line1-1083496,,Residence,85.454628185226,Debit,c59d957d-e3d5-4b05-99c1-d379c2c4b6cd,Bloomington,00,USA,,Miles,Miles John 83496,83496,Edina,Grocery Stores,5411,Tesco,John,85.45462818522603,reftype,thisRef,IL,"{'Home', 'Shopping'}",85.454628185226,tranCd1,this is the transaction description,2017.09.15.00.55.22,0c122dd6-10ff-4fbf-a152-fb159fc0e95e,2017-09-15 05:55:22.092+0000,transRespCd,transRespDesc,transRespType,transRsnCd1,transRsnDesc,transRsnType,OK,TranTyp1,61704,61704-1234
91e37f72-9c6f-4c72-814b-8d4c0ebd5fa3,1,2017-09-16 17:34:57.882+0000,,Line1-1019708,Apt 1019708,Apartment,71.967521784573,Credit,0ec7f2fe-8ec1-4571-bbb0-337049c6547e,Rockford,00,USA,,Igor,Igor Golov 19708,19708,Rockford,Direct Marketing – Travel Related Arrangements Services,5962,Carlson Wagonlit Travel,Golov,71.9675217845727,reftype,thisRef,MN,"{'Travel', 'Work'}",71.967521784573,tranCd1,this is the transaction description,2017.09.16.12.34.57,f9fbbef7-5072-4bb1-b9fc-4fbe164f0a02,2017-09-16 17:34:57.882+0000,transRespCd,transRespDesc,transRespType,transRsnCd1,transRsnDesc,transRsnType,OK,TranTyp1,61101,61101-1234
65aebf50-ffed-4a93-b877-44813055b797,1,2017-09-16 18:02:48.204+0000,,Line1-1003236,,Residence,67.134002288042,Credit,9e96e06d-d402-4f00-98d9-ba3c1aa1aff8,Bloomington,00,USA,,Miles,Miles John 03236,03236,Chicago,Drug Stores and Pharmacies,5912,Walmart,John,67.13400228804156,reftype,thisRef,IL,"{'Home', 'Pharmacy'}",67.134002288042,tranCd1,this is the transaction description,2017.09.16.13.02.48,a97b739c-afb2-4ef3-b2e8-34d60e898d88,2017-09-16 18:02:48.204+0000,transRespCd,transRespDesc,transRespType,transRsnCd1,transRsnDesc,transRsnType,OK,TranTyp1,61704,61704-1234
1a8dea7a-fc98-408c-a305-1872fb6cd010,1,2017-09-18 15:09:10.753+0000,,Line1-1030948,Apt 1030948,Apartment,54.742523357546,Credit,c82a0dad-42f7-4d54-a608-ac53e48ab575,Rockford,00,USA,,Igor,Igor Golov 30948,30948,Rockford,Electronic Sales,5732,Currys,Golov,54.74252335754648,reftype,thisRef,MN,"{'Tech', 'Work'}",54.742523357546,tranCd1,this is the transaction description,2017.09.18.10.09.10,df4f2350-c142-4a92-85b2-677e1e580590,2017-09-18 15:09:10.753+0000,transRespCd,transRespDesc,transRespType,transRsnCd1,transRsnDesc,transRsnType,OK,TranTyp1,61101,61101-1234
1a8dea7a-fc98-408c-a305-1872fb6cd010,1,2017-09-17 01:38:26.505+0000,,Line1-1030948,Apt 1030948,Apartment,78.546731335032,Credit,ac3c69e9-7cfd-4b53-b5af-4e5df8b17897,Rockford,00,USA,,Igor,Igor Golov 30948,30948,Bloomington,Department Stores,5311,John Lewis,Golov,78.54673133503167,reftype,thisRef,MN,"{'Home', 'HouseHold'}",78.546731335032,tranCd1,this is the transaction description,2017.09.16.20.38.26,030dd52d-4417-4f44-8fe2-27e61fe6f3cf,2017-09-17 01:38:26.505+0000,transRespCd,transRespDesc,transRespType,transRsnCd1,transRsnDesc,transRsnType,OK,TranTyp1,61101,61101-1234
bff12a59-d353-4b7a-8d5b-6526ed8dd85a,1,2017-09-16 03:20:46.548+0000,,Line1-1029706,,Residence,43.337852518241,Credit,281761cd-20c7-417e-96b5-a5dd82895e4e,Bloomington,00,USA,,Miles,Miles John 29706,29706,Champaign,Family Clothing Stores,5651,Next,John,43.337852518240574,reftype,thisRef,IL,"{'Clothes', 'Work'}",43.337852518241,tranCd1,this is the transaction description,2017.09.15.22.20.46,d2b0080b-6e19-4797-b3b4-12d50fd77a8e,2017-09-16 03:20:46.548+0000,transRespCd,transRespDesc,transRespType,transRsnCd1,transRsnDesc,transRsnType,OK,TranTyp1,61704,61704-1234
bcef5e69-8299-4ac4-9540-66e77e3ba324,1,2017-09-18 03:56:29.901+0000,,Line1-1080393,,Mobile,203.840899893019,Debit,19e5372b-0f2f-48c3-9acf-03d09c166940,Plymouth,00,USA,,Marcus,Marcus Joseph 80393,80393,Bloomington,Grocery Stores,5411,Tesco,Joseph,203.8408998930189,reftype,thisRef,MN,"{'Home', 'Shopping'}",203.840899893019,tranCd1,this is the transaction description,2017.09.17.22.56.29,217eea64-f18d-46a0-b84f-2f8762121979,2017-09-18 03:56:29.901+0000,transRespCd,transRespDesc,transRespType,transRsnCd1,transRsnDesc,transRsnType,OK,TranTyp1,55441,55441-1234
bcef5e69-8299-4ac4-9540-66e77e3ba324,1,2017-09-17 01:03:14.313+0000,,Line1-1080393,,Mobile,172.115240975696,Credit,18c1adb3-368c-41c9-aebc-d62b67bf1ec5,Plymouth,00,USA,,Marcus,Marcus Joseph 80393,80393,Bloomington,Grocery Stores,5411,Spar,Joseph,172.11524097569645,reftype,thisRef,MN,"{'Shopping', 'Work'}",172.115240975696,tranCd1,this is the transaction description,2017.09.16.20.03.14,6783132d-99f4-46b6-b950-65b72564345a,2017-09-17 01:03:14.313+0000,transRespCd,transRespDesc,transRespType,transRsnCd1,transRsnDesc,transRsnType,OK,TranTyp1,55441,55441-1234
80e255d0-4c43-4af5-8a01-6bbd0d8d809a,1,2017-09-18 17:07:27.002+0000,,Line1-1023770,,Residence,49.197830722697,Credit,0de3e3dd-9503-44d3-8376-7fec184a13d4,Chicago,00,USA,,Jason,Jason Paul 23770,23770,Rockford,Grocery Stores,5411,Somerfield,Paul,49.19783072269743,reftype,thisRef,IL,"{'Home', 'Shopping'}",49.197830722697,tranCd1,this is the transaction description,2017.09.18.12.07.27,142955e6-433b-4d5c-8c53-4d12e4218114,2017-09-18 17:07:27.002+0000,transRespCd,transRespDesc,transRespType,transRsnCd1,transRsnDesc,transRsnType,OK,TranTyp1,60601,60601-1234
5e469e13-350f-422b-8f15-544476fca5e4,1,2017-09-15 10:23:23.754+0000,,Line1-1027605,,Residence,175.114887381838,Credit,d3afa9f5-1f0a-402f-82cf-be156785eb64,Duluth,00,USA,,Julia,Julia Elizabeth 27605,27605,Duluth,Men’s and Women’s Clothing Stores,5691,Costa,Elizabeth,175.11488738183826,reftype,thisRef,MN,"{'Coffee', 'Work'}",175.114887381838,tranCd1,this is the transaction description,2017.09.15.05.23.23,30e995ac-8086-4291-87a8-295e2bf4d69b,2017-09-15 10:23:23.754+0000,transRespCd,transRespDesc,transRespType,transRsnCd1,transRsnDesc,transRsnType,OK,TranTyp1,55802,55802-1234
78749ad2-dec5-4862-af3c-97a1e767c08a,1,2017-09-16 20:12:52.141+0000,,Line1-1011131,,Residence,61.30008399124,Credit,bf05b4dc-2ce3-42e4-9ea0-5a1156ee5d40,Minneapolis,00,USA,,Catherine,Catherine Ann 11131,11131,Plymouth,Fast Food Restaurants,5814,Pizza Hut,Ann,61.30008399123995,reftype,thisRef,MN,"{'Eating out', 'Work'}",61.30008399124,tranCd1,this is the transaction description,2017.09.16.15.12.52,f6dd5755-acc7-4084-a14e-9b53a7e14024,2017-09-16 20:12:52.141+0000,transRespCd,transRespDesc,transRespType,transRsnCd1,transRsnDesc,transRsnType,OK,TranTyp1,55401,55401-1234
0abddcc9-dd96-4249-ab05-58dacb8677bd,1,2017-09-19 17:31:54.151+0000,,Line1-1010502,,Residence,41.248154586919,Debit,1bc5e266-f18e-41ef-a438-ae56d139b618,St. Paul,00,USA,,Esmeralda,Esmeralda Mary 10502,10502,Bloomington,Discount Stores,5310,Marks & Spencer,Mary,41.24815458691876,reftype,thisRef,MN,"{'Home', 'Shopping'}",41.248154586919,tranCd1,this is the transaction description,2017.09.19.12.31.54,d089c4c1-5026-4237-97ad-cb924452297b,2017-09-19 17:31:54.151+0000,transRespCd,transRespDesc,transRespType,transRsnCd1,transRsnDesc,transRsnType,OK,TranTyp1,55101,55101-1234
e7d0a6fe-91ae-41fd-b37b-63ba55bb1f45,1,2017-09-19 15:11:23.151+0000,,Line1-1098611,,Residence,179.039449950737,Credit,1d35151f-b709-49e3-b50a-f7c9ebc53c75,Minneapolis,00,USA,,Catherine,Catherine Ann 98611,98611,Rockford,Mail Order Houses,5961,Argos,Ann,179.0394499507374,reftype,thisRef,MN,"{'Household', 'Work'}",179.039449950737,tranCd1,this is the transaction description,2017.09.19.10.11.23,1b742f86-a59a-40b2-9c32-0b9e84f48b0a,2017-09-19 15:11:23.151+0000,transRespCd,transRespDesc,transRespType,transRsnCd1,transRsnDesc,transRsnType,OK,TranTyp1,55401,55401-1234
